case_id,activity,timestamp,lifecycle,resource,priority
Maquina_0,Arrival,0.0,complete,,0
Maquina_0,Operacao,0.0,start,,0
Maquina_0,Operacao,9999.272091723456,complete,,0
Maquina_0,Manutencao,10106.682538235234,start,Equipes,0
Maquina_0,Manutencao,10239.576936092202,complete,Equipes,0
Maquina_0,Operacao,10239.576936092202,start,,0
Maquina_0,Operacao,12113.296525363983,complete,,0
Maquina_0,Manutencao,12113.296525363983,start,Equipes,0
Maquina_0,Manutencao,13579.685649900144,complete,Equipes,0
Maquina_0,Operacao,13579.685649900144,start,,0
Maquina_0,Operacao,14727.747882031877,complete,,0
Maquina_0,Manutencao,14727.747882031877,start,Equipes,0
Maquina_0,Manutencao,15548.023495598523,complete,Equipes,0
Maquina_0,Operacao,15548.023495598523,start,,0
Maquina_0,Operacao,17442.77650336537,complete,,0
Maquina_0,Manutencao,17442.77650336537,start,Equipes,0
Maquina_0,Manutencao,18112.937643671423,complete,Equipes,0
Maquina_0,Operacao,18112.937643671423,start,,0
Maquina_0,Operacao,27233.375335679033,complete,,0
Maquina_0,Manutencao,27233.375335679033,start,Equipes,0
Maquina_0,Manutencao,28769.733143146274,complete,Equipes,0
Maquina_0,Operacao,28769.733143146274,start,,0
Maquina_0,Operacao,30899.850586351116,complete,,0
Maquina_0,Manutencao,30899.850586351116,start,Equipes,0
Maquina_0,Manutencao,33233.92703818164,complete,Equipes,0
Maquina_0,Operacao,33233.92703818164,start,,0
Maquina_0,Operacao,38003.06886775256,complete,,0
Maquina_0,Manutencao,39897.69583789389,start,Equipes,0
Maquina_0,Manutencao,40224.92432161339,complete,Equipes,0
Maquina_0,Operacao,40224.92432161339,start,,0
Maquina_0,Operacao,52255.53494416486,complete,,0
Maquina_0,Manutencao,53936.88612269792,start,Equipes,0
Maquina_0,Manutencao,54029.73279935299,complete,Equipes,0
Maquina_0,Operacao,54029.73279935299,start,,0
Maquina_0,Operacao,61668.2960290987,complete,,0
Maquina_0,Manutencao,61668.2960290987,start,Equipes,0
Maquina_0,Manutencao,62079.51498482508,complete,Equipes,0
Maquina_0,Operacao,62079.51498482508,start,,0
Maquina_0,Operacao,63468.88299725483,complete,,0
Maquina_0,Manutencao,63633.867953992354,start,Equipes,0
Maquina_0,Manutencao,63993.23534666879,complete,Equipes,0
Maquina_0,Operacao,63993.23534666879,start,,0
Maquina_0,Operacao,73922.40565139733,complete,,0
Maquina_0,Manutencao,73922.40565139733,start,Equipes,0
Maquina_0,Manutencao,74719.22148296019,complete,Equipes,0
Maquina_0,Operacao,74719.22148296019,start,,0
Maquina_0,Operacao,75497.02707730312,complete,,0
Maquina_0,Manutencao,75497.02707730312,start,Equipes,0
Maquina_0,Manutencao,78132.69297492167,complete,Equipes,0
Maquina_0,Operacao,78132.69297492167,start,,0
Maquina_0,Operacao,79566.53772538775,complete,,0
Maquina_0,Manutencao,80122.86261705167,start,Equipes,0
Maquina_0,Manutencao,80177.98593155383,complete,Equipes,0
Maquina_0,Operacao,80177.98593155383,start,,0
Maquina_0,Operacao,91492.88537762706,complete,,0
Maquina_0,Manutencao,93285.06645514649,start,Equipes,0
Maquina_0,Manutencao,93478.96338496434,complete,Equipes,0
Maquina_0,Operacao,93478.96338496434,start,,0
Maquina_0,Operacao,93554.89225267713,complete,,0
Maquina_0,Manutencao,102058.87871841517,start,Equipes,0
Maquina_0,Manutencao,102106.1452211587,complete,Equipes,0
Maquina_0,Operacao,102106.1452211587,start,,0
Maquina_0,Operacao,114046.5664590322,complete,,0
Maquina_0,Manutencao,114490.21065194158,start,Equipes,0
Maquina_0,Manutencao,114809.24501487991,complete,Equipes,0
Maquina_0,Operacao,114809.24501487991,start,,0
Maquina_0,Operacao,115802.17161676225,complete,,0
Maquina_0,Manutencao,115802.17161676225,start,Equipes,0
Maquina_0,Manutencao,121677.83058665645,complete,Equipes,0
Maquina_0,Operacao,121677.83058665645,start,,0
Maquina_0,Operacao,131665.023959538,complete,,0
Maquina_0,Manutencao,131665.023959538,start,Equipes,0
Maquina_0,Manutencao,133279.44866732816,complete,Equipes,0
Maquina_0,Operacao,133279.44866732816,start,,0
Maquina_0,Operacao,133280.95401625286,complete,,0
Maquina_0,Manutencao,133280.95401625286,start,Equipes,0
Maquina_0,Manutencao,135985.93019272346,complete,Equipes,0
Maquina_0,Operacao,135985.93019272346,start,,0
Maquina_0,Operacao,143591.9547533591,complete,,0
Maquina_0,Manutencao,143591.9547533591,start,Equipes,0
Maquina_0,Manutencao,146448.16248921264,complete,Equipes,0
Maquina_0,Operacao,146448.16248921264,start,,0
Maquina_0,Operacao,148060.30095441383,complete,,0
Maquina_0,Manutencao,148060.30095441383,start,Equipes,0
Maquina_0,Manutencao,148350.36228515254,complete,Equipes,0
Maquina_0,Operacao,148350.36228515254,start,,0
Maquina_0,Operacao,152986.44602372748,complete,,0
Maquina_0,Manutencao,152986.44602372748,start,Equipes,0
Maquina_0,Manutencao,155034.85858557842,complete,Equipes,0
Maquina_0,Operacao,155034.85858557842,start,,0
Maquina_0,Operacao,157649.41382665117,complete,,0
Maquina_0,Manutencao,157649.41382665117,start,Equipes,0
Maquina_0,Manutencao,159870.22539640215,complete,Equipes,0
Maquina_0,Operacao,159870.22539640215,start,,0
Maquina_0,Operacao,161899.9085746204,complete,,0
Maquina_0,Manutencao,163645.5841010787,start,Equipes,0
Maquina_0,Manutencao,165083.6628811936,complete,Equipes,0
Maquina_0,Operacao,165083.6628811936,start,,0
Maquina_0,Operacao,171310.96778146335,complete,,0
Maquina_0,Manutencao,171310.96778146335,start,Equipes,0
Maquina_0,Manutencao,171574.50284859966,complete,Equipes,0
Maquina_0,Operacao,171574.50284859966,start,,0
Maquina_0,Operacao,172425.64020321626,complete,,0
Maquina_0,Manutencao,172425.64020321626,start,Equipes,0
Maquina_0,Manutencao,178289.31401902888,complete,Equipes,0
Maquina_0,Operacao,178289.31401902888,start,,0
Maquina_0,Operacao,183167.34876072034,complete,,0
Maquina_0,Manutencao,183167.34876072034,start,Equipes,0
Maquina_0,Manutencao,184778.58157603687,complete,Equipes,0
Maquina_0,Operacao,184778.58157603687,start,,0
Maquina_0,Operacao,192239.08086548003,complete,,0
Maquina_0,Manutencao,193120.70371742448,start,Equipes,0
Maquina_0,Manutencao,193135.25267389204,complete,Equipes,0
Maquina_0,Operacao,193135.25267389204,start,,0
Maquina_0,Operacao,198398.4175923411,complete,,0
Maquina_0,Manutencao,198398.4175923411,start,Equipes,0
Maquina_0,Manutencao,199058.6843459134,complete,Equipes,0
Maquina_0,Operacao,199058.6843459134,start,,0
Maquina_0,Operacao,199616.29391025333,complete,,0
Maquina_0,Manutencao,199616.29391025333,start,Equipes,0
Maquina_0,Manutencao,200103.41486311101,complete,Equipes,0
Maquina_0,Operacao,200103.41486311101,start,,0
Maquina_0,Operacao,204115.7974990269,complete,,0
Maquina_0,Manutencao,204572.54857958126,start,Equipes,0
Maquina_0,Manutencao,205520.60968839494,complete,Equipes,0
Maquina_0,Operacao,205520.60968839494,start,,0
Maquina_0,Operacao,208208.54744327706,complete,,0
Maquina_0,Manutencao,208208.54744327706,start,Equipes,0
Maquina_0,Manutencao,208590.81269412555,complete,Equipes,0
Maquina_0,Operacao,208590.81269412555,start,,0
Maquina_0,Operacao,215331.65890292422,complete,,0
Maquina_0,Manutencao,218202.72886465958,start,Equipes,0
Maquina_0,Manutencao,218455.9816790175,complete,Equipes,0
Maquina_0,Operacao,218455.9816790175,start,,0
Maquina_0,Operacao,218832.98609390296,complete,,0
Maquina_0,Manutencao,219626.01089309916,start,Equipes,0
Maquina_0,Manutencao,221710.35598321838,complete,Equipes,0
Maquina_0,Operacao,221710.35598321838,start,,0
Maquina_0,Operacao,235311.81514293991,complete,,0
Maquina_0,Manutencao,235862.63944384793,start,Equipes,0
Maquina_0,Manutencao,235875.441943709,complete,Equipes,0
Maquina_0,Operacao,235875.441943709,start,,0
Maquina_0,Operacao,238983.081127133,complete,,0
Maquina_0,Manutencao,239186.0850578187,start,Equipes,0
Maquina_0,Manutencao,239825.1723630674,complete,Equipes,0
Maquina_0,Operacao,239825.1723630674,start,,0
Maquina_0,Operacao,243513.16332826606,complete,,0
Maquina_0,Manutencao,245232.00549325158,start,Equipes,0
Maquina_0,Manutencao,245956.83337869722,complete,Equipes,0
Maquina_0,Operacao,245956.83337869722,start,,0
Maquina_0,Operacao,245981.35272251043,complete,,0
Maquina_0,Manutencao,247268.41572524302,start,Equipes,0
Maquina_0,Manutencao,253088.45677987175,complete,Equipes,0
Maquina_0,Operacao,253088.45677987175,start,,0
Maquina_0,Operacao,254453.12901712843,complete,,0
Maquina_0,Manutencao,254453.12901712843,start,Equipes,0
Maquina_0,Manutencao,254971.2238010104,complete,Equipes,0
Maquina_0,Operacao,254971.2238010104,start,,0
Maquina_0,Operacao,256376.99040018787,complete,,0
Maquina_0,Manutencao,257219.55089351418,start,Equipes,0
Maquina_0,Manutencao,258331.0737069549,complete,Equipes,0
Maquina_0,Operacao,258331.0737069549,start,,0
Maquina_0,Operacao,260024.47678010442,complete,,0
Maquina_0,Manutencao,262572.4762559731,start,Equipes,0
Maquina_0,Manutencao,267105.1208380011,complete,Equipes,0
Maquina_0,Operacao,267105.1208380011,start,,0
Maquina_0,Operacao,269100.72112345963,complete,,0
Maquina_0,Manutencao,270643.8724811304,start,Equipes,0
Maquina_0,Manutencao,271905.17322823184,complete,Equipes,0
Maquina_0,Operacao,271905.17322823184,start,,0
Maquina_0,Operacao,276155.2196830851,complete,,0
Maquina_0,Manutencao,276155.2196830851,start,Equipes,0
Maquina_0,Manutencao,276849.37359002547,complete,Equipes,0
Maquina_0,Operacao,276849.37359002547,start,,0
Maquina_0,Operacao,277134.3935537758,complete,,0
Maquina_0,Manutencao,277134.3935537758,start,Equipes,0
Maquina_0,Manutencao,281629.7710249269,complete,Equipes,0
Maquina_0,Operacao,281629.7710249269,start,,0
Maquina_0,Operacao,283433.39271224686,complete,,0
Maquina_0,Manutencao,285084.60405355867,start,Equipes,0
Maquina_0,Manutencao,285722.25369730906,complete,Equipes,0
Maquina_0,Operacao,285722.25369730906,start,,0
Maquina_0,Operacao,285886.9559106657,complete,,0
Maquina_0,Manutencao,291597.45268701407,start,Equipes,0
Maquina_0,Manutencao,292186.68498304073,complete,Equipes,0
Maquina_0,Operacao,292186.68498304073,start,,0
Maquina_0,Operacao,293408.21872495726,complete,,0
Maquina_0,Manutencao,293408.21872495726,start,Equipes,0
Maquina_0,Manutencao,294272.0114298667,complete,Equipes,0
Maquina_0,Operacao,294272.0114298667,start,,0
Maquina_0,Operacao,294923.0562372223,complete,,0
Maquina_0,Manutencao,294923.0562372223,start,Equipes,0
Maquina_0,Manutencao,296331.79131155415,complete,Equipes,0
Maquina_0,Operacao,296331.79131155415,start,,0
Maquina_0,Operacao,301272.6331199071,complete,,0
Maquina_0,Manutencao,301398.87724850577,start,Equipes,0
Maquina_0,Manutencao,302445.13915716024,complete,Equipes,0
Maquina_0,Operacao,302445.13915716024,start,,0
Maquina_0,Operacao,313057.850244551,complete,,0
Maquina_0,Manutencao,313057.850244551,start,Equipes,0
Maquina_0,Manutencao,314263.3287108162,complete,Equipes,0
Maquina_0,Operacao,314263.3287108162,start,,0
Maquina_0,Operacao,319408.68877322885,complete,,0
Maquina_0,Manutencao,320066.8328975252,start,Equipes,0
Maquina_0,Manutencao,323414.3596440007,complete,Equipes,0
Maquina_0,Operacao,323414.3596440007,start,,0
Maquina_0,Operacao,324886.89301009994,complete,,0
Maquina_0,Manutencao,325065.3583880286,start,Equipes,0
Maquina_0,Manutencao,325229.1816016945,complete,Equipes,0
Maquina_0,Operacao,325229.1816016945,start,,0
Maquina_0,Operacao,325874.5279066246,complete,,0
Maquina_0,Manutencao,328070.49002339435,start,Equipes,0
Maquina_0,Manutencao,328617.13540505053,complete,Equipes,0
Maquina_0,Operacao,328617.13540505053,start,,0
Maquina_0,Operacao,329842.53003341897,complete,,0
Maquina_0,Manutencao,329842.53003341897,start,Equipes,0
Maquina_0,Manutencao,330510.0407328887,complete,Equipes,0
Maquina_0,Operacao,330510.0407328887,start,,0
Maquina_0,Operacao,331822.10185912147,complete,,0
Maquina_0,Manutencao,331822.10185912147,start,Equipes,0
Maquina_0,Manutencao,331928.5921277798,complete,Equipes,0
Maquina_0,Operacao,331928.5921277798,start,,0
Maquina_0,Operacao,335030.0542507262,complete,,0
Maquina_0,Manutencao,335958.6930042532,start,Equipes,0
Maquina_0,Manutencao,341484.6697957356,complete,Equipes,0
Maquina_0,Operacao,341484.6697957356,start,,0
Maquina_0,Operacao,349459.1845528996,complete,,0
Maquina_0,Manutencao,349459.1845528996,start,Equipes,0
Maquina_0,Manutencao,350896.3471299258,complete,Equipes,0
Maquina_0,Operacao,350896.3471299258,start,,0
Maquina_0,Operacao,354212.1512085003,complete,,0
Maquina_0,Manutencao,354212.1512085003,start,Equipes,0
Maquina_0,Manutencao,354539.2394145209,complete,Equipes,0
Maquina_0,Operacao,354539.2394145209,start,,0
Maquina_0,Operacao,356808.53815948364,complete,,0
Maquina_0,Manutencao,356808.53815948364,start,Equipes,0
Maquina_0,Manutencao,358823.4760604376,complete,Equipes,0
Maquina_0,Operacao,358823.4760604376,start,,0
Maquina_0,Operacao,360899.1713012453,complete,,0
Maquina_0,Manutencao,360899.1713012453,start,Equipes,0
Maquina_0,Manutencao,362477.2724114885,complete,Equipes,0
Maquina_0,Operacao,362477.2724114885,start,,0
Maquina_0,Operacao,364733.8625941452,complete,,0
Maquina_0,Manutencao,364733.8625941452,start,Equipes,0
Maquina_0,Manutencao,369241.1779145269,complete,Equipes,0
Maquina_0,Operacao,369241.1779145269,start,,0
Maquina_0,Operacao,375710.06209497014,complete,,0
Maquina_0,Manutencao,375710.06209497014,start,Equipes,0
Maquina_0,Manutencao,376769.453141345,complete,Equipes,0
Maquina_0,Operacao,376769.453141345,start,,0
Maquina_0,Operacao,378213.58495863876,complete,,0
Maquina_0,Manutencao,379702.50962028303,start,Equipes,0
Maquina_0,Manutencao,382939.6474438791,complete,Equipes,0
Maquina_0,Operacao,382939.6474438791,start,,0
Maquina_0,Operacao,384158.88161744043,complete,,0
Maquina_0,Manutencao,384158.88161744043,start,Equipes,0
Maquina_0,Manutencao,384441.56621392653,complete,Equipes,0
Maquina_0,Operacao,384441.56621392653,start,,0
Maquina_0,Operacao,387543.6859502217,complete,,0
Maquina_0,Manutencao,387543.6859502217,start,Equipes,0
Maquina_0,Manutencao,389314.8948414221,complete,Equipes,0
Maquina_0,Operacao,389314.8948414221,start,,0
Maquina_0,Operacao,398216.989900552,complete,,0
Maquina_0,Manutencao,398863.2245628806,start,Equipes,0
Maquina_0,Manutencao,399256.310249476,complete,Equipes,0
Maquina_0,Operacao,399256.310249476,start,,0
Maquina_0,Operacao,400111.28953240626,complete,,0
Maquina_0,Manutencao,400111.28953240626,start,Equipes,0
Maquina_0,Manutencao,402281.3971383853,complete,Equipes,0
Maquina_0,Operacao,402281.3971383853,start,,0
Maquina_0,Operacao,407915.60304153454,complete,,0
Maquina_0,Manutencao,408433.48883030075,start,Equipes,0
Maquina_0,Manutencao,408971.06611878274,complete,Equipes,0
Maquina_0,Operacao,408971.06611878274,start,,0
Maquina_0,Operacao,410125.4873354488,complete,,0
Maquina_0,Manutencao,410125.4873354488,start,Equipes,0
Maquina_0,Manutencao,411179.49592648045,complete,Equipes,0
Maquina_0,Operacao,411179.49592648045,start,,0
Maquina_0,Operacao,414090.59482559294,complete,,0
Maquina_0,Manutencao,415033.2360040244,start,Equipes,0
Maquina_0,Manutencao,416189.6501371976,complete,Equipes,0
Maquina_0,Operacao,416189.6501371976,start,,0
Maquina_0,Operacao,421415.65039769723,complete,,0
Maquina_0,Manutencao,424164.8794630577,start,Equipes,0
Maquina_0,Manutencao,426546.35661545285,complete,Equipes,0
Maquina_0,Operacao,426546.35661545285,start,,0
Maquina_0,Operacao,431525.6258514096,complete,,0
Maquina_0,Manutencao,431525.6258514096,start,Equipes,0
Maquina_0,Manutencao,432161.9638253713,complete,Equipes,0
Maquina_0,Operacao,432161.9638253713,start,,0
Maquina_0,Operacao,437644.62083544215,complete,,0
Maquina_0,Manutencao,437644.62083544215,start,Equipes,0
Maquina_0,Manutencao,437788.28147817316,complete,Equipes,0
Maquina_0,Operacao,437788.28147817316,start,,0
Maquina_0,Operacao,447225.8367684713,complete,,0
Maquina_0,Manutencao,448072.7346870115,start,Equipes,0
Maquina_0,Manutencao,448123.8639751204,complete,Equipes,0
Maquina_0,Operacao,448123.8639751204,start,,0
Maquina_0,Operacao,451403.0553181607,complete,,0
Maquina_0,Manutencao,451403.0553181607,start,Equipes,0
Maquina_0,Manutencao,453372.22913245653,complete,Equipes,0
Maquina_0,Operacao,453372.22913245653,start,,0
Maquina_0,Operacao,454150.2607553978,complete,,0
Maquina_0,Manutencao,454150.2607553978,start,Equipes,0
Maquina_0,Manutencao,455229.9756994467,complete,Equipes,0
Maquina_0,Operacao,455229.9756994467,start,,0
Maquina_0,Operacao,456617.8256867644,complete,,0
Maquina_0,Manutencao,456617.8256867644,start,Equipes,0
Maquina_0,Manutencao,457918.1821699595,complete,Equipes,0
Maquina_0,Operacao,457918.1821699595,start,,0
Maquina_0,Operacao,465353.7099372525,complete,,0
Maquina_0,Manutencao,465353.7099372525,start,Equipes,0
Maquina_0,Manutencao,465609.23613172566,complete,Equipes,0
Maquina_0,Operacao,465609.23613172566,start,,0
Maquina_0,Operacao,466870.0526215553,complete,,0
Maquina_0,Manutencao,467509.39062699646,start,Equipes,0
Maquina_0,Manutencao,471421.9460817181,complete,Equipes,0
Maquina_0,Operacao,471421.9460817181,start,,0
Maquina_0,Operacao,472545.60304362467,complete,,0
Maquina_0,Manutencao,472545.60304362467,start,Equipes,0
Maquina_0,Manutencao,472770.38910120074,complete,Equipes,0
Maquina_0,Operacao,472770.38910120074,start,,0
Maquina_0,Operacao,475676.5617687295,complete,,0
Maquina_0,Manutencao,477282.7641129326,start,Equipes,0
Maquina_0,Manutencao,478166.68853494094,complete,Equipes,0
Maquina_0,Operacao,478166.68853494094,start,,0
Maquina_0,Operacao,485242.08566699876,complete,,0
Maquina_0,Manutencao,487096.30225224135,start,Equipes,0
Maquina_0,Manutencao,487103.9500004555,complete,Equipes,0
Maquina_0,Operacao,487103.9500004555,start,,0
Maquina_0,Operacao,488730.3359016618,complete,,0
Maquina_0,Manutencao,489872.7609085371,start,Equipes,0
Maquina_0,Manutencao,490263.6981987517,complete,Equipes,0
Maquina_0,Operacao,490263.6981987517,start,,0
Maquina_0,Operacao,494627.966191559,complete,,0
Maquina_0,Manutencao,494627.966191559,start,Equipes,0
Maquina_0,Manutencao,497677.00891571486,complete,Equipes,0
Maquina_0,Operacao,497677.00891571486,start,,0
Maquina_0,Operacao,501485.2871705568,complete,,0
Maquina_0,Manutencao,502759.4458672819,start,Equipes,0
Maquina_0,Manutencao,503359.26046637277,complete,Equipes,0
Maquina_0,Operacao,503359.26046637277,start,,0
Maquina_0,Operacao,506325.0602340155,complete,,0
Maquina_0,Manutencao,507240.3066147385,start,Equipes,0
Maquina_0,Manutencao,508543.920293189,complete,Equipes,0
Maquina_0,Operacao,508543.920293189,start,,0
Maquina_0,Operacao,520362.5833765358,complete,,0
Maquina_0,Manutencao,520362.5833765358,start,Equipes,0
Maquina_0,Manutencao,522441.241375839,complete,Equipes,0
Maquina_0,Operacao,522441.241375839,start,,0
Maquina_1,Arrival,0.053784393390292756,complete,,0
Maquina_1,Operacao,0.053784393390292756,start,,0
Maquina_1,Operacao,1776.9005651351943,complete,,0
Maquina_1,Manutencao,1776.9005651351943,start,Equipes,0
Maquina_1,Manutencao,1917.0892927061566,complete,Equipes,0
Maquina_1,Operacao,1917.0892927061566,start,,0
Maquina_1,Operacao,2009.8168057388157,complete,,0
Maquina_1,Manutencao,2009.8168057388157,start,Equipes,0
Maquina_1,Manutencao,4118.6239761977195,complete,Equipes,0
Maquina_1,Operacao,4118.6239761977195,start,,0
Maquina_1,Operacao,8174.233307996775,complete,,0
Maquina_1,Manutencao,8174.233307996775,start,Equipes,0
Maquina_1,Manutencao,9764.04751686025,complete,Equipes,0
Maquina_1,Operacao,9764.04751686025,start,,0
Maquina_1,Operacao,15825.560224508285,complete,,0
Maquina_1,Manutencao,16653.139946036972,start,Equipes,0
Maquina_1,Manutencao,17240.247306129186,complete,Equipes,0
Maquina_1,Operacao,17240.247306129186,start,,0
Maquina_1,Operacao,32343.60742570271,complete,,0
Maquina_1,Manutencao,33233.92703818164,start,Equipes,0
Maquina_1,Manutencao,38899.211023904034,complete,Equipes,0
Maquina_1,Operacao,38899.211023904034,start,,0
Maquina_1,Operacao,42084.2985821483,complete,,0
Maquina_1,Manutencao,42084.2985821483,start,Equipes,0
Maquina_1,Manutencao,45273.400204228434,complete,Equipes,0
Maquina_1,Operacao,45273.400204228434,start,,0
Maquina_1,Operacao,45657.62334325744,complete,,0
Maquina_1,Manutencao,45657.62334325744,start,Equipes,0
Maquina_1,Manutencao,48041.663711485824,complete,Equipes,0
Maquina_1,Operacao,48041.663711485824,start,,0
Maquina_1,Operacao,50899.642363678075,complete,,0
Maquina_1,Manutencao,50899.642363678075,start,Equipes,0
Maquina_1,Manutencao,53150.58670567053,complete,Equipes,0
Maquina_1,Operacao,53150.58670567053,start,,0
Maquina_1,Operacao,53383.26248589459,complete,,0
Maquina_1,Manutencao,54029.73279935299,start,Equipes,0
Maquina_1,Manutencao,57697.39637984503,complete,Equipes,0
Maquina_1,Operacao,57697.39637984503,start,,0
Maquina_1,Operacao,65100.59026803404,complete,,0
Maquina_1,Manutencao,65100.59026803404,start,Equipes,0
Maquina_1,Manutencao,70831.72829979904,complete,Equipes,0
Maquina_1,Operacao,70831.72829979904,start,,0
Maquina_1,Operacao,75863.30930134356,complete,,0
Maquina_1,Manutencao,78132.69297492167,start,Equipes,0
Maquina_1,Manutencao,78604.33825172014,complete,Equipes,0
Maquina_1,Operacao,78604.33825172014,start,,0
Maquina_1,Operacao,78907.52012925594,complete,,0
Maquina_1,Manutencao,78907.52012925594,start,Equipes,0
Maquina_1,Manutencao,80122.86261705167,complete,Equipes,0
Maquina_1,Operacao,80122.86261705167,start,,0
Maquina_1,Operacao,83059.06270888855,complete,,0
Maquina_1,Manutencao,83059.06270888855,start,Equipes,0
Maquina_1,Manutencao,87146.01411893661,complete,Equipes,0
Maquina_1,Operacao,87146.01411893661,start,,0
Maquina_1,Operacao,89617.50847771618,complete,,0
Maquina_1,Manutencao,89617.50847771618,start,Equipes,0
Maquina_1,Manutencao,92101.26477629686,complete,Equipes,0
Maquina_1,Operacao,92101.26477629686,start,,0
Maquina_1,Operacao,93202.03128835063,complete,,0
Maquina_1,Manutencao,93478.96338496434,start,Equipes,0
Maquina_1,Manutencao,97451.30431393391,complete,Equipes,0
Maquina_1,Operacao,97451.30431393391,start,,0
Maquina_1,Operacao,101332.85770155807,complete,,0
Maquina_1,Manutencao,102106.1452211587,start,Equipes,0
Maquina_1,Manutencao,102997.01657725521,complete,Equipes,0
Maquina_1,Operacao,102997.01657725521,start,,0
Maquina_1,Operacao,104917.78003910623,complete,,0
Maquina_1,Manutencao,104917.78003910623,start,Equipes,0
Maquina_1,Manutencao,105730.52139811582,complete,Equipes,0
Maquina_1,Operacao,105730.52139811582,start,,0
Maquina_1,Operacao,105771.93844970035,complete,,0
Maquina_1,Manutencao,105771.93844970035,start,Equipes,0
Maquina_1,Manutencao,105857.90987428998,complete,Equipes,0
Maquina_1,Operacao,105857.90987428998,start,,0
Maquina_1,Operacao,107325.72855991003,complete,,0
Maquina_1,Manutencao,107325.72855991003,start,Equipes,0
Maquina_1,Manutencao,109426.00298228713,complete,Equipes,0
Maquina_1,Operacao,109426.00298228713,start,,0
Maquina_1,Operacao,110745.86548752147,complete,,0
Maquina_1,Manutencao,112992.37139061079,start,Equipes,0
Maquina_1,Manutencao,114490.21065194158,complete,Equipes,0
Maquina_1,Operacao,114490.21065194158,start,,0
Maquina_1,Operacao,117031.57831858937,complete,,0
Maquina_1,Manutencao,121677.83058665645,start,Equipes,0
Maquina_1,Manutencao,121830.85163400942,complete,Equipes,0
Maquina_1,Operacao,121830.85163400942,start,,0
Maquina_1,Operacao,123193.06789761892,complete,,0
Maquina_1,Manutencao,123193.06789761892,start,Equipes,0
Maquina_1,Manutencao,128514.36786274906,complete,Equipes,0
Maquina_1,Operacao,128514.36786274906,start,,0
Maquina_1,Operacao,134716.74126168352,complete,,0
Maquina_1,Manutencao,135985.93019272346,start,Equipes,0
Maquina_1,Manutencao,136706.45101820133,complete,Equipes,0
Maquina_1,Operacao,136706.45101820133,start,,0
Maquina_1,Operacao,140094.971810712,complete,,0
Maquina_1,Manutencao,140384.40033167665,start,Equipes,0
Maquina_1,Manutencao,141627.75169688632,complete,Equipes,0
Maquina_1,Operacao,141627.75169688632,start,,0
Maquina_1,Operacao,148968.39529546793,complete,,0
Maquina_1,Manutencao,148968.39529546793,start,Equipes,0
Maquina_1,Manutencao,149178.79577723038,complete,Equipes,0
Maquina_1,Operacao,149178.79577723038,start,,0
Maquina_1,Operacao,151139.2159137642,complete,,0
Maquina_1,Manutencao,151139.2159137642,start,Equipes,0
Maquina_1,Manutencao,152223.8154992308,complete,Equipes,0
Maquina_1,Operacao,152223.8154992308,start,,0
Maquina_1,Operacao,172733.3360916837,complete,,0
Maquina_1,Manutencao,178289.31401902888,start,Equipes,0
Maquina_1,Manutencao,181008.32332486758,complete,Equipes,0
Maquina_1,Operacao,181008.32332486758,start,,0
Maquina_1,Operacao,185396.3624571167,complete,,0
Maquina_1,Manutencao,185396.3624571167,start,Equipes,0
Maquina_1,Manutencao,186254.07011962216,complete,Equipes,0
Maquina_1,Operacao,186254.07011962216,start,,0
Maquina_1,Operacao,188671.57901801696,complete,,0
Maquina_1,Manutencao,188671.57901801696,start,Equipes,0
Maquina_1,Manutencao,193120.70371742448,complete,Equipes,0
Maquina_1,Operacao,193120.70371742448,start,,0
Maquina_1,Operacao,194116.26365782038,complete,,0
Maquina_1,Manutencao,194116.26365782038,start,Equipes,0
Maquina_1,Manutencao,194887.57075295367,complete,Equipes,0
Maquina_1,Operacao,194887.57075295367,start,,0
Maquina_1,Operacao,196809.28987710093,complete,,0
Maquina_1,Manutencao,196809.28987710093,start,Equipes,0
Maquina_1,Manutencao,197470.48697515138,complete,Equipes,0
Maquina_1,Operacao,197470.48697515138,start,,0
Maquina_1,Operacao,201948.1753710158,complete,,0
Maquina_1,Manutencao,201948.1753710158,start,Equipes,0
Maquina_1,Manutencao,204572.54857958126,complete,Equipes,0
Maquina_1,Operacao,204572.54857958126,start,,0
Maquina_1,Operacao,205654.9793470933,complete,,0
Maquina_1,Manutencao,205654.9793470933,start,Equipes,0
Maquina_1,Manutencao,206375.41608008114,complete,Equipes,0
Maquina_1,Operacao,206375.41608008114,start,,0
Maquina_1,Operacao,215240.8143283561,complete,,0
Maquina_1,Manutencao,215294.5922758155,start,Equipes,0
Maquina_1,Manutencao,218202.72886465958,complete,Equipes,0
Maquina_1,Operacao,218202.72886465958,start,,0
Maquina_1,Operacao,218315.42078840156,complete,,0
Maquina_1,Manutencao,218455.9816790175,start,Equipes,0
Maquina_1,Manutencao,219626.01089309916,complete,Equipes,0
Maquina_1,Operacao,219626.01089309916,start,,0
Maquina_1,Operacao,221938.09091653005,complete,,0
Maquina_1,Manutencao,221938.09091653005,start,Equipes,0
Maquina_1,Manutencao,225478.1504672286,complete,Equipes,0
Maquina_1,Operacao,225478.1504672286,start,,0
Maquina_1,Operacao,232232.72287440358,complete,,0
Maquina_1,Manutencao,232232.72287440358,start,Equipes,0
Maquina_1,Manutencao,235862.63944384793,complete,Equipes,0
Maquina_1,Operacao,235862.63944384793,start,,0
Maquina_1,Operacao,237198.66334357896,complete,,0
Maquina_1,Manutencao,237198.66334357896,start,Equipes,0
Maquina_1,Manutencao,239186.0850578187,complete,Equipes,0
Maquina_1,Operacao,239186.0850578187,start,,0
Maquina_1,Operacao,242009.6359119614,complete,,0
Maquina_1,Manutencao,242009.6359119614,start,Equipes,0
Maquina_1,Manutencao,242871.07065030778,complete,Equipes,0
Maquina_1,Operacao,242871.07065030778,start,,0
Maquina_1,Operacao,243725.42070326884,complete,,0
Maquina_1,Manutencao,245956.83337869722,start,Equipes,0
Maquina_1,Manutencao,247268.41572524302,complete,Equipes,0
Maquina_1,Operacao,247268.41572524302,start,,0
Maquina_1,Operacao,248936.52376921696,complete,,0
Maquina_1,Manutencao,253338.14162286482,start,Equipes,0
Maquina_1,Manutencao,254121.0121611597,complete,Equipes,0
Maquina_1,Operacao,254121.0121611597,start,,0
Maquina_1,Operacao,255819.28890081486,complete,,0
Maquina_1,Manutencao,255819.28890081486,start,Equipes,0
Maquina_1,Manutencao,257219.55089351418,complete,Equipes,0
Maquina_1,Operacao,257219.55089351418,start,,0
Maquina_1,Operacao,258146.01908317878,complete,,0
Maquina_1,Manutencao,259732.7671853047,start,Equipes,0
Maquina_1,Manutencao,262572.4762559731,complete,Equipes,0
Maquina_1,Operacao,262572.4762559731,start,,0
Maquina_1,Operacao,263156.18362134334,complete,,0
Maquina_1,Manutencao,267105.1208380011,start,Equipes,0
Maquina_1,Manutencao,267818.64518404816,complete,Equipes,0
Maquina_1,Operacao,267818.64518404816,start,,0
Maquina_1,Operacao,272425.17369667476,complete,,0
Maquina_1,Manutencao,272425.17369667476,start,Equipes,0
Maquina_1,Manutencao,272521.84037227166,complete,Equipes,0
Maquina_1,Operacao,272521.84037227166,start,,0
Maquina_1,Operacao,278347.4476439049,complete,,0
Maquina_1,Manutencao,281629.7710249269,start,Equipes,0
Maquina_1,Manutencao,285084.60405355867,complete,Equipes,0
Maquina_1,Operacao,285084.60405355867,start,,0
Maquina_1,Operacao,290186.7014347833,complete,,0
Maquina_1,Manutencao,292186.68498304073,start,Equipes,0
Maquina_1,Manutencao,292762.4731358886,complete,Equipes,0
Maquina_1,Operacao,292762.4731358886,start,,0
Maquina_1,Operacao,306026.85897884285,complete,,0
Maquina_1,Manutencao,306026.85897884285,start,Equipes,0
Maquina_1,Manutencao,306042.0437150993,complete,Equipes,0
Maquina_1,Operacao,306042.0437150993,start,,0
Maquina_1,Operacao,320167.3163718257,complete,,0
Maquina_1,Manutencao,323414.3596440007,start,Equipes,0
Maquina_1,Manutencao,323958.3256615088,complete,Equipes,0
Maquina_1,Operacao,323958.3256615088,start,,0
Maquina_1,Operacao,325190.04079858126,complete,,0
Maquina_1,Manutencao,325229.1816016945,start,Equipes,0
Maquina_1,Manutencao,328070.49002339435,complete,Equipes,0
Maquina_1,Operacao,328070.49002339435,start,,0
Maquina_1,Operacao,332163.6377689878,complete,,0
Maquina_1,Manutencao,332163.6377689878,start,Equipes,0
Maquina_1,Manutencao,332798.4191918097,complete,Equipes,0
Maquina_1,Operacao,332798.4191918097,start,,0
Maquina_1,Operacao,340072.42039079906,complete,,0
Maquina_1,Manutencao,343455.753258034,start,Equipes,0
Maquina_1,Manutencao,343686.00024749996,complete,Equipes,0
Maquina_1,Operacao,343686.00024749996,start,,0
Maquina_1,Operacao,347170.07349601074,complete,,0
Maquina_1,Manutencao,347170.07349601074,start,Equipes,0
Maquina_1,Manutencao,347958.6342354473,complete,Equipes,0
Maquina_1,Operacao,347958.6342354473,start,,0
Maquina_1,Operacao,353062.37909310905,complete,,0
Maquina_1,Manutencao,353062.37909310905,start,Equipes,0
Maquina_1,Manutencao,353233.5986122768,complete,Equipes,0
Maquina_1,Operacao,353233.5986122768,start,,0
Maquina_1,Operacao,358461.90604346246,complete,,0
Maquina_1,Manutencao,358823.4760604376,start,Equipes,0
Maquina_1,Manutencao,360350.83983773517,complete,Equipes,0
Maquina_1,Operacao,360350.83983773517,start,,0
Maquina_1,Operacao,364782.62688094337,complete,,0
Maquina_1,Manutencao,369241.1779145269,start,Equipes,0
Maquina_1,Manutencao,369890.66877792793,complete,Equipes,0
Maquina_1,Operacao,369890.66877792793,start,,0
Maquina_1,Operacao,378141.3236525185,complete,,0
Maquina_1,Manutencao,378650.3039566659,start,Equipes,0
Maquina_1,Manutencao,379702.50962028303,complete,Equipes,0
Maquina_1,Operacao,379702.50962028303,start,,0
Maquina_1,Operacao,381470.5944907814,complete,,0
Maquina_1,Manutencao,382939.6474438791,start,Equipes,0
Maquina_1,Manutencao,383017.09824649314,complete,Equipes,0
Maquina_1,Operacao,383017.09824649314,start,,0
Maquina_1,Operacao,383155.45138010895,complete,,0
Maquina_1,Manutencao,383155.45138010895,start,Equipes,0
Maquina_1,Manutencao,383717.8108596365,complete,Equipes,0
Maquina_1,Operacao,383717.8108596365,start,,0
Maquina_1,Operacao,387658.7095572785,complete,,0
Maquina_1,Manutencao,389314.8948414221,start,Equipes,0
Maquina_1,Manutencao,392175.924664651,complete,Equipes,0
Maquina_1,Operacao,392175.924664651,start,,0
Maquina_1,Operacao,395118.33757135563,complete,,0
Maquina_1,Manutencao,395118.33757135563,start,Equipes,0
Maquina_1,Manutencao,396098.8067005291,complete,Equipes,0
Maquina_1,Operacao,396098.8067005291,start,,0
Maquina_1,Operacao,398035.167054438,complete,,0
Maquina_1,Manutencao,398035.167054438,start,Equipes,0
Maquina_1,Manutencao,398863.2245628806,complete,Equipes,0
Maquina_1,Operacao,398863.2245628806,start,,0
Maquina_1,Operacao,404155.9859713071,complete,,0
Maquina_1,Manutencao,404155.9859713071,start,Equipes,0
Maquina_1,Manutencao,404226.30056058057,complete,Equipes,0
Maquina_1,Operacao,404226.30056058057,start,,0
Maquina_1,Operacao,407384.40378289804,complete,,0
Maquina_1,Manutencao,407384.40378289804,start,Equipes,0
Maquina_1,Manutencao,408433.48883030075,complete,Equipes,0
Maquina_1,Operacao,408433.48883030075,start,,0
Maquina_1,Operacao,408675.86846638675,complete,,0
Maquina_1,Manutencao,408971.06611878274,start,Equipes,0
Maquina_1,Manutencao,409660.50480251055,complete,Equipes,0
Maquina_1,Operacao,409660.50480251055,start,,0
Maquina_1,Operacao,414080.8190516818,complete,,0
Maquina_1,Manutencao,414080.8190516818,start,Equipes,0
Maquina_1,Manutencao,415033.2360040244,complete,Equipes,0
Maquina_1,Operacao,415033.2360040244,start,,0
Maquina_1,Operacao,416667.17459344567,complete,,0
Maquina_1,Manutencao,416667.17459344567,start,Equipes,0
Maquina_1,Manutencao,417140.01051967434,complete,Equipes,0
Maquina_1,Operacao,417140.01051967434,start,,0
Maquina_1,Operacao,417614.94073839596,complete,,0
Maquina_1,Manutencao,417614.94073839596,start,Equipes,0
Maquina_1,Manutencao,418193.29858958995,complete,Equipes,0
Maquina_1,Operacao,418193.29858958995,start,,0
Maquina_1,Operacao,420250.89926554315,complete,,0
Maquina_1,Manutencao,421786.63025420817,start,Equipes,0
Maquina_1,Manutencao,424164.8794630577,complete,Equipes,0
Maquina_1,Operacao,424164.8794630577,start,,0
Maquina_1,Operacao,424759.45328514144,complete,,0
Maquina_1,Manutencao,426546.35661545285,start,Equipes,0
Maquina_1,Manutencao,427003.16847652633,complete,Equipes,0
Maquina_1,Operacao,427003.16847652633,start,,0
Maquina_1,Operacao,429364.1275476666,complete,,0
Maquina_1,Manutencao,429364.1275476666,start,Equipes,0
Maquina_1,Manutencao,429437.64417997934,complete,Equipes,0
Maquina_1,Operacao,429437.64417997934,start,,0
Maquina_1,Operacao,430188.12041498144,complete,,0
Maquina_1,Manutencao,430188.12041498144,start,Equipes,0
Maquina_1,Manutencao,430720.91693104035,complete,Equipes,0
Maquina_1,Operacao,430720.91693104035,start,,0
Maquina_1,Operacao,433966.4367546703,complete,,0
Maquina_1,Manutencao,433966.4367546703,start,Equipes,0
Maquina_1,Manutencao,434243.0942467751,complete,Equipes,0
Maquina_1,Operacao,434243.0942467751,start,,0
Maquina_1,Operacao,438694.32631230203,complete,,0
Maquina_1,Manutencao,438694.32631230203,start,Equipes,0
Maquina_1,Manutencao,440298.8321963737,complete,Equipes,0
Maquina_1,Operacao,440298.8321963737,start,,0
Maquina_1,Operacao,444394.66686771385,complete,,0
Maquina_1,Manutencao,444394.66686771385,start,Equipes,0
Maquina_1,Manutencao,445059.68242533616,complete,Equipes,0
Maquina_1,Operacao,445059.68242533616,start,,0
Maquina_1,Operacao,450198.69393124164,complete,,0
Maquina_1,Manutencao,450198.69393124164,start,Equipes,0
Maquina_1,Manutencao,450632.90583367465,complete,Equipes,0
Maquina_1,Operacao,450632.90583367465,start,,0
Maquina_1,Operacao,452909.49076755764,complete,,0
Maquina_1,Manutencao,453372.22913245653,start,Equipes,0
Maquina_1,Manutencao,454028.6229593017,complete,Equipes,0
Maquina_1,Operacao,454028.6229593017,start,,0
Maquina_1,Operacao,457324.06641810306,complete,,0
Maquina_1,Manutencao,457918.1821699595,start,Equipes,0
Maquina_1,Manutencao,459696.4717372758,complete,Equipes,0
Maquina_1,Operacao,459696.4717372758,start,,0
Maquina_1,Operacao,466111.8275021806,complete,,0
Maquina_1,Manutencao,466111.8275021806,start,Equipes,0
Maquina_1,Manutencao,467509.39062699646,complete,Equipes,0
Maquina_1,Operacao,467509.39062699646,start,,0
Maquina_1,Operacao,468556.30028672935,complete,,0
Maquina_1,Manutencao,471421.9460817181,start,Equipes,0
Maquina_1,Manutencao,471866.73611179297,complete,Equipes,0
Maquina_1,Operacao,471866.73611179297,start,,0
Maquina_1,Operacao,473309.1943680671,complete,,0
Maquina_1,Manutencao,473309.1943680671,start,Equipes,0
Maquina_1,Manutencao,473419.3367586787,complete,Equipes,0
Maquina_1,Operacao,473419.3367586787,start,,0
Maquina_1,Operacao,475262.1530896155,complete,,0
Maquina_1,Manutencao,476339.5537905962,start,Equipes,0
Maquina_1,Manutencao,477282.7641129326,complete,Equipes,0
Maquina_1,Operacao,477282.7641129326,start,,0
Maquina_1,Operacao,481715.54363818676,complete,,0
Maquina_1,Manutencao,481715.54363818676,start,Equipes,0
Maquina_1,Manutencao,481769.88352795196,complete,Equipes,0
Maquina_1,Operacao,481769.88352795196,start,,0
Maquina_1,Operacao,483366.09035515477,complete,,0
Maquina_1,Manutencao,483366.09035515477,start,Equipes,0
Maquina_1,Manutencao,487096.30225224135,complete,Equipes,0
Maquina_1,Operacao,487096.30225224135,start,,0
Maquina_1,Operacao,497029.6859540896,complete,,0
Maquina_1,Manutencao,497677.00891571486,start,Equipes,0
Maquina_1,Manutencao,498380.12076516676,complete,Equipes,0
Maquina_1,Operacao,498380.12076516676,start,,0
Maquina_1,Operacao,500525.07608226925,complete,,0
Maquina_1,Manutencao,500525.07608226925,start,Equipes,0
Maquina_1,Manutencao,502759.4458672819,complete,Equipes,0
Maquina_1,Operacao,502759.4458672819,start,,0
Maquina_1,Operacao,504878.8756766838,complete,,0
Maquina_1,Manutencao,504878.8756766838,start,Equipes,0
Maquina_1,Manutencao,507240.3066147385,complete,Equipes,0
Maquina_1,Operacao,507240.3066147385,start,,0
Maquina_1,Operacao,515144.01641819,complete,,0
Maquina_1,Manutencao,515144.01641819,start,Equipes,0
Maquina_1,Manutencao,515217.5115136559,complete,Equipes,0
Maquina_1,Operacao,515217.5115136559,start,,0
Maquina_1,Operacao,520471.16342011554,complete,,0
Maquina_1,Manutencao,522441.241375839,start,Equipes,0
Maquina_1,Manutencao,523311.34850639745,complete,Equipes,0
Maquina_1,Operacao,523311.34850639745,start,,0
Maquina_1,Operacao,523919.72879975743,complete,,0
Maquina_1,Manutencao,523919.72879975743,start,Equipes,0
Maquina_2,Arrival,0.8220906460814286,complete,,0
Maquina_2,Operacao,0.8220906460814286,start,,0
Maquina_2,Operacao,3933.349753663762,complete,,0
Maquina_2,Manutencao,4118.6239761977195,start,Equipes,0
Maquina_2,Manutencao,4849.990634037636,complete,Equipes,0
Maquina_2,Operacao,4849.990634037636,start,,0
Maquina_2,Operacao,9838.147786345251,complete,,0
Maquina_2,Manutencao,9838.147786345251,start,Equipes,0
Maquina_2,Manutencao,10106.682538235234,complete,Equipes,0
Maquina_2,Operacao,10106.682538235234,start,,0
Maquina_2,Operacao,12742.82033553103,complete,,0
Maquina_2,Manutencao,13579.685649900144,start,Equipes,0
Maquina_2,Manutencao,14426.242247565391,complete,Equipes,0
Maquina_2,Operacao,14426.242247565391,start,,0
Maquina_2,Operacao,15051.393374730533,complete,,0
Maquina_2,Manutencao,15548.023495598523,start,Equipes,0
Maquina_2,Manutencao,16653.139946036972,complete,Equipes,0
Maquina_2,Operacao,16653.139946036972,start,,0
Maquina_2,Operacao,34897.32234563398,complete,,0
Maquina_2,Manutencao,38899.211023904034,start,Equipes,0
Maquina_2,Manutencao,39897.69583789389,complete,Equipes,0
Maquina_2,Operacao,39897.69583789389,start,,0
Maquina_2,Operacao,49570.118125029876,complete,,0
Maquina_2,Manutencao,49570.118125029876,start,Equipes,0
Maquina_2,Manutencao,50812.28758886626,complete,Equipes,0
Maquina_2,Operacao,50812.28758886626,start,,0
Maquina_2,Operacao,51908.68556504712,complete,,0
Maquina_2,Manutencao,53150.58670567053,start,Equipes,0
Maquina_2,Manutencao,53936.88612269792,complete,Equipes,0
Maquina_2,Operacao,53936.88612269792,start,,0
Maquina_2,Operacao,59990.33645877722,complete,,0
Maquina_2,Manutencao,59990.33645877722,start,Equipes,0
Maquina_2,Manutencao,60154.05086978549,complete,Equipes,0
Maquina_2,Operacao,60154.05086978549,start,,0
Maquina_2,Operacao,61850.04415158231,complete,,0
Maquina_2,Manutencao,62079.51498482508,start,Equipes,0
Maquina_2,Manutencao,63633.867953992354,complete,Equipes,0
Maquina_2,Operacao,63633.867953992354,start,,0
Maquina_2,Operacao,90781.09896225095,complete,,0
Maquina_2,Manutencao,92101.26477629686,start,Equipes,0
Maquina_2,Manutencao,93285.06645514649,complete,Equipes,0
Maquina_2,Operacao,93285.06645514649,start,,0
Maquina_2,Operacao,93473.10900653267,complete,,0
Maquina_2,Manutencao,97451.30431393391,start,Equipes,0
Maquina_2,Manutencao,102058.87871841517,complete,Equipes,0
Maquina_2,Operacao,102058.87871841517,start,,0
Maquina_2,Operacao,110293.7031329559,complete,,0
Maquina_2,Manutencao,110293.7031329559,start,Equipes,0
Maquina_2,Manutencao,112992.37139061079,complete,Equipes,0
Maquina_2,Operacao,112992.37139061079,start,,0
Maquina_2,Operacao,118055.11549082363,complete,,0
Maquina_2,Manutencao,121830.85163400942,start,Equipes,0
Maquina_2,Manutencao,122254.45812199898,complete,Equipes,0
Maquina_2,Operacao,122254.45812199898,start,,0
Maquina_2,Operacao,126446.69676325859,complete,,0
Maquina_2,Manutencao,128514.36786274906,start,Equipes,0
Maquina_2,Manutencao,128655.83402016139,complete,Equipes,0
Maquina_2,Operacao,128655.83402016139,start,,0
Maquina_2,Operacao,134955.34372902126,complete,,0
Maquina_2,Manutencao,136706.45101820133,start,Equipes,0
Maquina_2,Manutencao,138915.12776367794,complete,Equipes,0
Maquina_2,Operacao,138915.12776367794,start,,0
Maquina_2,Operacao,139593.21902419205,complete,,0
Maquina_2,Manutencao,139593.21902419205,start,Equipes,0
Maquina_2,Manutencao,140384.40033167665,complete,Equipes,0
Maquina_2,Operacao,140384.40033167665,start,,0
Maquina_2,Operacao,145122.7208775371,complete,,0
Maquina_2,Manutencao,146448.16248921264,start,Equipes,0
Maquina_2,Manutencao,147934.71692996396,complete,Equipes,0
Maquina_2,Operacao,147934.71692996396,start,,0
Maquina_2,Operacao,155783.16869100014,complete,,0
Maquina_2,Manutencao,155783.16869100014,start,Equipes,0
Maquina_2,Manutencao,156452.30735324323,complete,Equipes,0
Maquina_2,Operacao,156452.30735324323,start,,0
Maquina_2,Operacao,160961.57889623436,complete,,0
Maquina_2,Manutencao,160961.57889623436,start,Equipes,0
Maquina_2,Manutencao,161242.44354739034,complete,Equipes,0
Maquina_2,Operacao,161242.44354739034,start,,0
Maquina_2,Operacao,161569.14919497902,complete,,0
Maquina_2,Manutencao,161569.14919497902,start,Equipes,0
Maquina_2,Manutencao,163645.5841010787,complete,Equipes,0
Maquina_2,Operacao,163645.5841010787,start,,0
Maquina_2,Operacao,167907.44533063783,complete,,0
Maquina_2,Manutencao,167907.44533063783,start,Equipes,0
Maquina_2,Manutencao,169786.4774386024,complete,Equipes,0
Maquina_2,Operacao,169786.4774386024,start,,0
Maquina_2,Operacao,175151.64848899262,complete,,0
Maquina_2,Manutencao,181008.32332486758,start,Equipes,0
Maquina_2,Manutencao,181852.0591993291,complete,Equipes,0
Maquina_2,Operacao,181852.0591993291,start,,0
Maquina_2,Operacao,197270.68736403613,complete,,0
Maquina_2,Manutencao,197470.48697515138,start,Equipes,0
Maquina_2,Manutencao,198324.5219477056,complete,Equipes,0
Maquina_2,Operacao,198324.5219477056,start,,0
Maquina_2,Operacao,210211.89850223408,complete,,0
Maquina_2,Manutencao,210211.89850223408,start,Equipes,0
Maquina_2,Manutencao,210488.85867452892,complete,Equipes,0
Maquina_2,Operacao,210488.85867452892,start,,0
Maquina_2,Operacao,212821.59583378767,complete,,0
Maquina_2,Manutencao,212821.59583378767,start,Equipes,0
Maquina_2,Manutencao,213724.42666757794,complete,Equipes,0
Maquina_2,Operacao,213724.42666757794,start,,0
Maquina_2,Operacao,214520.19798355733,complete,,0
Maquina_2,Manutencao,214520.19798355733,start,Equipes,0
Maquina_2,Manutencao,215294.5922758155,complete,Equipes,0
Maquina_2,Operacao,215294.5922758155,start,,0
Maquina_2,Operacao,222618.987849035,complete,,0
Maquina_2,Manutencao,225478.1504672286,start,Equipes,0
Maquina_2,Manutencao,229621.19890771125,complete,Equipes,0
Maquina_2,Operacao,229621.19890771125,start,,0
Maquina_2,Operacao,230763.74188697193,complete,,0
Maquina_2,Manutencao,230763.74188697193,start,Equipes,0
Maquina_2,Manutencao,230787.42328327123,complete,Equipes,0
Maquina_2,Operacao,230787.42328327123,start,,0
Maquina_2,Operacao,235556.77338762925,complete,,0
Maquina_2,Manutencao,235875.441943709,start,Equipes,0
Maquina_2,Manutencao,236887.33814427507,complete,Equipes,0
Maquina_2,Operacao,236887.33814427507,start,,0
Maquina_2,Operacao,243064.45899369064,complete,,0
Maquina_2,Manutencao,243064.45899369064,start,Equipes,0
Maquina_2,Manutencao,245232.00549325158,complete,Equipes,0
Maquina_2,Operacao,245232.00549325158,start,,0
Maquina_2,Operacao,246523.30095710262,complete,,0
Maquina_2,Manutencao,253088.45677987175,start,Equipes,0
Maquina_2,Manutencao,253338.14162286482,complete,Equipes,0
Maquina_2,Operacao,253338.14162286482,start,,0
Maquina_2,Operacao,254736.38336467414,complete,,0
Maquina_2,Manutencao,254971.2238010104,start,Equipes,0
Maquina_2,Manutencao,255030.42693039033,complete,Equipes,0
Maquina_2,Operacao,255030.42693039033,start,,0
Maquina_2,Operacao,257443.81577935113,complete,,0
Maquina_2,Manutencao,258331.0737069549,start,Equipes,0
Maquina_2,Manutencao,259732.7671853047,complete,Equipes,0
Maquina_2,Operacao,259732.7671853047,start,,0
Maquina_2,Operacao,264623.32371667604,complete,,0
Maquina_2,Manutencao,267818.64518404816,start,Equipes,0
Maquina_2,Manutencao,270643.8724811304,complete,Equipes,0
Maquina_2,Operacao,270643.8724811304,start,,0
Maquina_2,Operacao,274889.05346145085,complete,,0
Maquina_2,Manutencao,274889.05346145085,start,Equipes,0
Maquina_2,Manutencao,275462.6049298944,complete,Equipes,0
Maquina_2,Operacao,275462.6049298944,start,,0
Maquina_2,Operacao,284361.3112226438,complete,,0
Maquina_2,Manutencao,285722.25369730906,start,Equipes,0
Maquina_2,Manutencao,291597.45268701407,complete,Equipes,0
Maquina_2,Operacao,291597.45268701407,start,,0
Maquina_2,Operacao,291851.08604994375,complete,,0
Maquina_2,Manutencao,292762.4731358886,start,Equipes,0
Maquina_2,Manutencao,293153.6237456238,complete,Equipes,0
Maquina_2,Operacao,293153.6237456238,start,,0
Maquina_2,Operacao,297815.497567359,complete,,0
Maquina_2,Manutencao,297815.497567359,start,Equipes,0
Maquina_2,Manutencao,301398.87724850577,complete,Equipes,0
Maquina_2,Operacao,301398.87724850577,start,,0
Maquina_2,Operacao,302815.8196853035,complete,,0
Maquina_2,Manutencao,302815.8196853035,start,Equipes,0
Maquina_2,Manutencao,305011.74206791393,complete,Equipes,0
Maquina_2,Operacao,305011.74206791393,start,,0
Maquina_2,Operacao,314968.7820100925,complete,,0
Maquina_2,Manutencao,314968.7820100925,start,Equipes,0
Maquina_2,Manutencao,317855.73098365834,complete,Equipes,0
Maquina_2,Operacao,317855.73098365834,start,,0
Maquina_2,Operacao,319167.23571784206,complete,,0
Maquina_2,Manutencao,319167.23571784206,start,Equipes,0
Maquina_2,Manutencao,320066.8328975252,complete,Equipes,0
Maquina_2,Operacao,320066.8328975252,start,,0
Maquina_2,Operacao,323394.30537320854,complete,,0
Maquina_2,Manutencao,323958.3256615088,start,Equipes,0
Maquina_2,Manutencao,325065.3583880286,complete,Equipes,0
Maquina_2,Operacao,325065.3583880286,start,,0
Maquina_2,Operacao,334145.10680781805,complete,,0
Maquina_2,Manutencao,334145.10680781805,start,Equipes,0
Maquina_2,Manutencao,335958.6930042532,complete,Equipes,0
Maquina_2,Operacao,335958.6930042532,start,,0
Maquina_2,Operacao,337495.9094513999,complete,,0
Maquina_2,Manutencao,341484.6697957356,start,Equipes,0
Maquina_2,Manutencao,343455.753258034,complete,Equipes,0
Maquina_2,Operacao,343455.753258034,start,,0
Maquina_2,Operacao,344384.2655156061,complete,,0
Maquina_2,Manutencao,344384.2655156061,start,Equipes,0
Maquina_2,Manutencao,344520.0651330167,complete,Equipes,0
Maquina_2,Operacao,344520.0651330167,start,,0
Maquina_2,Operacao,351941.3966489074,complete,,0
Maquina_2,Manutencao,351941.3966489074,start,Equipes,0
Maquina_2,Manutencao,352682.82832188543,complete,Equipes,0
Maquina_2,Operacao,352682.82832188543,start,,0
Maquina_2,Operacao,359312.3500240573,complete,,0
Maquina_2,Manutencao,360350.83983773517,start,Equipes,0
Maquina_2,Manutencao,360625.1180539906,complete,Equipes,0
Maquina_2,Operacao,360625.1180539906,start,,0
Maquina_2,Operacao,366565.4375602272,complete,,0
Maquina_2,Manutencao,369890.66877792793,start,Equipes,0
Maquina_2,Manutencao,371410.35954012495,complete,Equipes,0
Maquina_2,Operacao,371410.35954012495,start,,0
Maquina_2,Operacao,376108.8334894351,complete,,0
Maquina_2,Manutencao,376769.453141345,start,Equipes,0
Maquina_2,Manutencao,378650.3039566659,complete,Equipes,0
Maquina_2,Operacao,378650.3039566659,start,,0
Maquina_2,Operacao,393194.198760091,complete,,0
Maquina_2,Manutencao,393194.198760091,start,Equipes,0
Maquina_2,Manutencao,394358.49181297177,complete,Equipes,0
Maquina_2,Operacao,394358.49181297177,start,,0
Maquina_2,Operacao,405099.38558443845,complete,,0
Maquina_2,Manutencao,405099.38558443845,start,Equipes,0
Maquina_2,Manutencao,406204.90197709505,complete,Equipes,0
Maquina_2,Operacao,406204.90197709505,start,,0
Maquina_2,Operacao,406605.7609953067,complete,,0
Maquina_2,Manutencao,406605.7609953067,start,Equipes,0
Maquina_2,Manutencao,407365.5162659275,complete,Equipes,0
Maquina_2,Operacao,407365.5162659275,start,,0
Maquina_2,Operacao,411652.552000432,complete,,0
Maquina_2,Manutencao,411652.552000432,start,Equipes,0
Maquina_2,Manutencao,412425.6959109701,complete,Equipes,0
Maquina_2,Operacao,412425.6959109701,start,,0
Maquina_2,Operacao,415013.32994888525,complete,,0
Maquina_2,Manutencao,416189.6501371976,start,Equipes,0
Maquina_2,Manutencao,416483.31868986733,complete,Equipes,0
Maquina_2,Operacao,416483.31868986733,start,,0
Maquina_2,Operacao,419089.5074201042,complete,,0
Maquina_2,Manutencao,419089.5074201042,start,Equipes,0
Maquina_2,Manutencao,421786.63025420817,complete,Equipes,0
Maquina_2,Operacao,421786.63025420817,start,,0
Maquina_2,Operacao,446708.4770646484,complete,,0
Maquina_2,Manutencao,446708.4770646484,start,Equipes,0
Maquina_2,Manutencao,448072.7346870115,complete,Equipes,0
Maquina_2,Operacao,448072.7346870115,start,,0
Maquina_2,Operacao,458489.80438370514,complete,,0
Maquina_2,Manutencao,459696.4717372758,start,Equipes,0
Maquina_2,Manutencao,461772.5076303613,complete,Equipes,0
Maquina_2,Operacao,461772.5076303613,start,,0
Maquina_2,Operacao,464558.68774520204,complete,,0
Maquina_2,Manutencao,464558.68774520204,start,Equipes,0
Maquina_2,Manutencao,465316.1077786074,complete,Equipes,0
Maquina_2,Operacao,465316.1077786074,start,,0
Maquina_2,Operacao,475087.7772443969,complete,,0
Maquina_2,Manutencao,475087.7772443969,start,Equipes,0
Maquina_2,Manutencao,476339.5537905962,complete,Equipes,0
Maquina_2,Operacao,476339.5537905962,start,,0
Maquina_2,Operacao,482748.3780001804,complete,,0
Maquina_2,Manutencao,482748.3780001804,start,Equipes,0
Maquina_2,Manutencao,482828.7479748428,complete,Equipes,0
Maquina_2,Operacao,482828.7479748428,start,,0
Maquina_2,Operacao,488542.91910636384,complete,,0
Maquina_2,Manutencao,488542.91910636384,start,Equipes,0
Maquina_2,Manutencao,489872.7609085371,complete,Equipes,0
Maquina_2,Operacao,489872.7609085371,start,,0
Maquina_2,Operacao,509797.2932328893,complete,,0
Maquina_2,Manutencao,509797.2932328893,start,Equipes,0
Maquina_2,Manutencao,509815.3848628786,complete,Equipes,0
Maquina_2,Operacao,509815.3848628786,start,,0
Maquina_2,Operacao,515307.4354449221,complete,,0
Maquina_2,Manutencao,515307.4354449221,start,Equipes,0
Maquina_2,Manutencao,516548.79755345196,complete,Equipes,0
Maquina_2,Operacao,516548.79755345196,start,,0
Maquina_2,Operacao,517220.4203399669,complete,,0
Maquina_2,Manutencao,517220.4203399669,start,Equipes,0
Maquina_2,Manutencao,518309.19653410156,complete,Equipes,0
Maquina_2,Operacao,518309.19653410156,start,,0
Maquina_2,Operacao,522789.0325353068,complete,,0
Maquina_2,Manutencao,523311.34850639745,start,Equipes,0
Maquina_2,Manutencao,523875.910842377,complete,Equipes,0
Maquina_2,Operacao,523875.910842377,start,,0
