combination_id,replication,arrival_rate,num_doctors,num_nurses,simulation_time,warm_up_period,entities_processed,throughput,system_time_avg,Pharmacy_queue_time,Pharmacy_service_time,Consultation_queue_time,Consultation_service_time,Triage_queue_time,Triage_service_time,nursesT_utilization,nursesT_avg_queue,nursesT_max_queue,doctors_utilization,doctors_avg_queue,doctors_max_queue,nurses_utilization,nurses_avg_queue,nurses_max_queue,pharmacy_utilization,pharmacy_avg_queue,pharmacy_max_queue
0,0,3,3,2,2400,420,464,0.23434343434343435,30.332319244298272,2.5147327402603956,5.227045068268292,1.1289229079072032,10.050050376514347,9.983038837490795,3.4784801153352776,0.8954888303322155,4.616124310479256,20,0.5379598318542351,0.01871591609294545,3,0.690601046131162,0.0987521051163991,4,0.5572250997812501,0.7654667916275627,14
0,1,3,3,2,2400,420,474,0.23939393939393938,34.57621458033482,1.2291337946540268,5.015522439331967,0.5544198039739291,9.833038881096648,16.043070951931888,3.536901789192258,0.9347413230071203,7.815934667258772,24,0.5331905589629553,0.0007548932224764682,2,0.702909903348618,0.02478741902844398,3,0.5476961609091046,0.30338487746824,10
0,2,3,3,2,2400,420,464,0.23434343434343435,32.53628340126439,1.0401163029388587,4.972318964578756,0.5638089360711829,10.099353461891788,13.798339297329862,3.578863940487467,0.9069528257362575,6.195743379065732,30,0.5406023104182113,0.00014601153976983745,2,0.712829250735989,0.02406750100464767,3,0.5326198418117722,0.23054150585500582,10
0,3,3,3,2,2400,420,452,0.22828282828282828,34.32150542908587,1.2605988916232806,5.1545504626360525,0.7345849300785358,9.887878874141633,15.571786632585374,3.464177493842557,0.8745483113517853,7.244479513184425,26,0.5069510811432638,0.00936733598728246,3,0.6641721179271346,0.044655306778933763,4,0.5426987297655858,0.3251276433240714,12
0,4,3,3,2,2400,420,498,0.2515151515151515,73.39022247396248,1.1835534822063263,5.038911583575145,0.7590102071258904,10.158165302067296,54.38479701289802,3.5802729843381664,0.9917456100841819,27.347362387182493,62,0.5879847325985039,0.01263640697700896,3,0.7703441960658864,0.05354274917336479,4,0.5675126755118994,0.27216922754372763,8
1,0,3,3,3,2400,420,438,0.22121212121212122,25.61904557714374,0.6144068280507742,4.766176950890006,0.3997787085544139,9.923789604422137,8.059650146074235,3.4666854525002897,0.8637710667646422,3.638045319759989,26,0.4930458773355794,0.0,1,0.65605567523037,0.004016483651207981,2,0.4808678464922493,0.11602329762856468,8
1,1,3,3,3,2400,420,432,0.21818181818181817,28.685269576574,0.8102364838819657,5.037820705201163,0.3845113011413684,9.972907806034703,10.855086601823585,3.5254578591052357,0.8583067496975098,4.903475190152044,26,0.47907269133819014,0.0,1,0.6336173906838709,0.015438593301147168,2,0.4952446019007513,0.1265709747117911,10
1,2,3,3,3,2400,420,494,0.2494949494949495,40.057053685668485,1.1746913284743283,5.092797705400231,0.5640031072476834,9.677746905937294,21.807199519631496,3.515252168408423,0.9592394596218131,10.604238780759369,36,0.5462702835435145,0.0,1,0.7209724338950547,0.022163832488894603,2,0.5685534542955224,0.24995888219472653,14
1,3,3,3,3,2400,420,483,0.24393939393939393,33.52786616886645,1.145801379862407,4.665630173072327,0.939499141253331,9.975737850560115,14.988408865419617,3.5293658673039676,0.9241326804614576,7.007679029534986,28,0.556613141775149,0.012409719054060053,2,0.7190183637146532,0.08180719501069579,3,0.5143894641541891,0.2688114786209298,8
1,4,3,3,3,2400,420,469,0.23686868686868687,34.552644840274326,1.1394236434579939,4.860126865100204,0.5898109472180425,9.942755565960152,16.583176795679822,3.5176532174595017,0.9208433182305283,7.41042339145065,26,0.5114527596730697,0.00030573922479646564,2,0.6732250119741406,0.02644174199465391,3,0.5188905318214981,0.28705178258964725,12
2,0,3,3,4,2400,420,428,0.21616161616161617,32.78751656498432,0.6694103634841663,5.037363588606504,0.5236370266552557,9.68360180865323,14.913949283081479,3.517632664152335,0.8470682986934244,6.386728211327316,38,0.4720065940200831,0.001291117810538855,2,0.6225656781844654,0.021620459337474345,3,0.5046539874929148,0.10510005910392095,6
2,1,3,3,4,2400,420,434,0.2191919191919192,25.382581969091834,0.8103716401846864,4.805849197140811,0.5356704117446631,10.040874802868323,7.142603784909853,3.53963296652355,0.8560634177386329,2.877066951621855,20,0.5034321024394327,0.003367447758491743,2,0.6635311372166944,0.026502445866139736,3,0.47755294513382185,0.17010449236164205,8
2,2,3,3,4,2400,420,446,0.22525252525252526,34.341385472972945,1.451537433626458,5.368730500014241,0.782723945845126,10.033347753545678,15.02841115138244,3.476630721329797,0.8831097292589054,7.100049805202331,36,0.5141510854406747,0.01572076206093583,3,0.6713596700927819,0.05824609354528893,4,0.5506467890525427,0.35469693224112686,10
2,3,3,3,4,2400,420,441,0.22272727272727272,27.808859073113464,0.8623230521973113,4.590155808826525,0.5327226867011801,10.055674760970915,10.297265876219145,3.5076535623185006,0.8563273922282133,4.031351018732582,22,0.4935391468520324,0.0,1,0.6513261429431593,0.020178158578652405,2,0.4475495639504248,0.17156861028149942,8
2,4,3,3,4,2400,420,469,0.23686868686868687,30.60147580387705,1.6184507480205803,5.01977017406915,0.5950164913620763,9.992010175657299,11.519553002726735,3.4979487965947023,0.8891095211546272,5.521658621233445,24,0.5425794010661827,0.0028747619555636473,2,0.7122499865795461,0.03644240648165378,3,0.5464878313816395,0.48465543213905193,14
3,0,3,4,2,2400,420,447,0.22575757575757577,26.61972278640601,0.9082124664998239,4.860282317896495,0.44841449418546514,9.845630754388191,8.799111666405533,3.5178434243880643,0.8609901007399814,3.711283707860333,20,0.4868601480910195,0.0,1,0.6434355582900059,0.01713391749406065,2,0.49474316348934366,0.12975404532819687,12
3,1,3,4,2,2400,420,441,0.22272727272727272,25.05336416553218,0.7890657649376532,4.691304100273084,0.7927897218358639,10.126726889679826,6.709726494813908,3.505177761855747,0.8548034519975888,2.6830924406217997,18,0.516554887505457,0.001502811560495465,2,0.6717054536252268,0.05260600070664255,3,0.4845311558110332,0.14282927574193016,8
3,2,3,4,2,2400,420,435,0.2196969696969697,24.634308741505645,0.8118325961467739,4.930131175130786,0.46596371310522205,9.851713229778271,6.725278335809409,3.473607857503018,0.8363320587184072,2.364538272104111,16,0.48117296517079716,0.0,1,0.6386869795570028,0.0086309220121795,2,0.4974879155941222,0.13122638970916442,6
3,3,3,4,2,2400,420,471,0.23787878787878788,33.44029870680161,1.0949018518702052,4.875042678120913,1.080551441038426,9.99902173546626,14.638397093692918,3.4735861860499493,0.9103802500486998,7.641583593648033,30,0.5485584141486822,0.04111300242552888,3,0.7109791850939869,0.10240910373829644,4,0.5249516560567478,0.28443318084501235,12
3,4,3,4,2,2400,420,458,0.2313131313131313,29.076976318454548,0.7943661886303466,5.009448204299943,0.6244414264006108,10.273943584046338,10.552603761760238,3.5806483813275416,0.9090025589033341,4.322498238751279,20,0.5336059446882933,0.002240762799443425,2,0.7034493035059656,0.02631663103472102,3,0.525614887549018,0.13529254086137601,6
4,0,3,4,3,2400,420,438,0.22121212121212122,27.627116022383014,0.9102924619783348,4.8773775433813364,0.5632118106647382,9.98935115845246,9.329887281650826,3.5821346054922385,0.8705239787036424,3.712674435214327,20,0.4939949136609218,0.002423300139669852,2,0.6507570106370656,0.02613192287216007,3,0.5032186490444878,0.1383015162359593,8
4,1,3,4,3,2400,420,461,0.23282828282828283,44.43397826313383,0.9890929768009746,5.0468367324711725,0.7064214992101473,9.949194898664397,25.866043258854003,3.529634339315504,0.9304573631442151,9.193230892184758,42,0.5267127047782538,0.0006129935538959129,2,0.6913720650032434,0.0333476176571804,3,0.5420696220194527,0.20541355932003474,8
4,2,3,4,3,2400,420,410,0.20707070707070707,26.43926627125614,1.0302397852123166,5.227573655331335,0.4489245498007979,9.731076989921485,8.19029470683122,3.519859585892868,0.7927066550754743,3.4924908376394836,24,0.4566541961744296,0.0029179423541467776,2,0.6018804330378137,0.023893427938424344,3,0.48516417413207585,0.20119117322805452,8
4,3,3,4,3,2400,420,447,0.22575757575757577,31.77859419185405,1.2272550795609762,5.005096707613369,0.5773670923468666,9.886200834702374,13.38359230158875,3.4745375419003524,0.8820101831074066,6.177019864774694,36,0.4950317972325668,0.0004268795746748085,2,0.6502992725159092,0.029656250957213897,3,0.5185717668416419,0.2926956950350974,12
4,4,3,4,3,2400,420,444,0.22424242424242424,27.693527720741546,1.6391883266597616,5.182220572764847,0.6862958560260329,10.215237363678487,8.348706309774098,3.436359109190792,0.8328197345945697,2.9224672484407885,20,0.5099901965511779,0.008057598518069965,2,0.6675578257977871,0.04534490732942145,3,0.5337430348286243,0.41445449135926055,14
5,0,3,4,4,2400,420,454,0.2292929292929293,29.119995434472184,0.6180688441218978,4.555740689525698,0.667626026441462,10.107613601959489,11.297016034903935,3.5202404688200946,0.8734869794672914,4.32980277641962,24,0.5183530242024571,0.0,1,0.6790632074715587,0.036222474395152415,2,0.48526277913131116,0.10637460131021101,8
5,1,3,4,4,2400,420,476,0.2404040404040404,31.41057203580067,0.8118646170032804,4.877223789935765,0.7202680275266685,9.85769912673975,12.905941869195336,3.5156635840367527,0.9247189430268445,6.020386736522943,26,0.5639486204736136,0.0031819342166120247,2,0.735009915675153,0.053946669085608544,3,0.5353682954643081,0.16852607803503297,8
5,2,3,4,4,2400,420,428,0.21616161616161617,33.021750886440536,1.1213837214952416,5.016098931205605,0.4123069447023048,10.113132992461432,14.559150409303962,3.520930065819316,0.8347847806167451,6.173066341268484,30,0.48938311965424464,0.0,1,0.6487376825186851,0.011319431060923769,2,0.4984949073537322,0.2672043727431913,12
5,3,3,4,4,2400,420,435,0.2196969696969697,27.88211685698066,1.604672594226203,5.409838112003983,0.622987835034982,9.93211774882945,8.653707535956158,3.4525347886712714,0.8618739911329859,3.5311924272557653,22,0.4864514573469337,0.0010838675869728942,2,0.6400337070297292,0.026788575885519156,3,0.5450722078521434,0.3758423685095265,10
5,4,3,4,4,2400,420,481,0.24292929292929294,54.84027442106933,0.9983141163765865,4.860467618250223,0.9741303286343226,10.146470383665424,35.76800062715461,3.5461733600314913,0.934424036631953,16.866064588298524,50,0.5825113896279646,0.012084936735404617,2,0.7475383526109501,0.099515437414412,3,0.5518411330339897,0.21025368134518524,8
6,0,3,5,2,2400,420,420,0.21212121212121213,26.618627092368875,0.7025514270520213,4.8236222403110975,0.5790222029387474,10.173152759775693,8.421269847742654,3.4781969113067515,0.823390868933825,4.146589337226523,24,0.4861979734878532,0.0,1,0.641548316990538,0.02014694297979847,2,0.48155786888650276,0.10722935864182259,8
6,1,3,5,2,2400,420,442,0.22323232323232323,29.669492191575088,1.0387463568054864,5.068059293412968,0.594292657380725,10.099973370424596,11.174980172999835,3.5283699806481468,0.8439785718621758,4.6502592093929564,28,0.5034912893884198,0.0,1,0.6631993104395874,0.024367226234917407,2,0.5020105935334578,0.200898290009926,10
6,2,3,5,2,2400,420,472,0.2383838383838384,33.51237709807746,1.2549424282099673,5.290520435935584,0.753811884953772,9.963257484628258,14.405424048384926,3.475125013934463,0.8633836101906307,6.430978597680103,36,0.542886004322998,0.0,1,0.7073479535344354,0.04950015668868513,2,0.5766843467631733,0.27376476857499255,10
6,3,3,5,2,2400,420,446,0.22525252525252526,29.154643185619214,1.5151645937481946,5.272297907267377,0.46912537462620624,9.81994234308145,10.101525006945906,3.5404873444353577,0.8745575878469174,4.997141330313,28,0.4958567727689277,0.0,1,0.6571682766152666,0.01192226122991146,2,0.5500822657660882,0.3693135535530164,12
6,4,3,5,2,2400,420,464,0.23434343434343435,40.05285413573046,2.94117097019859,5.491013087551019,0.4577725902219307,10.028670261048976,19.355825556185078,3.526281844074512,0.9123484753496613,8.73335875430558,30,0.529010948595458,0.0,1,0.7017652129661776,0.01074815548329889,2,0.5956693413183848,0.9558986581290142,16
7,0,3,5,3,2400,420,457,0.2308080808080808,29.040476295098173,1.6025032954470066,5.119229667690234,0.9549759076489327,10.037569295422072,9.52829447613172,3.5354541287969328,0.8700537806434456,3.7625803449671706,22,0.525524293099087,0.009587273772071416,3,0.6815614858161712,0.06699998871990538,4,0.5418496212311973,0.42119806174639945,12
7,1,3,5,3,2400,420,459,0.2318181818181818,28.29354788928301,1.3107085701413987,4.98145899411918,1.0255200714936072,9.994820943184598,9.14314237422702,3.46673841616041,0.8811457893513712,3.826569499672394,20,0.52871670661222,0.023292080699982502,3,0.6845559676940808,0.08449100406661962,4,0.5349318771620003,0.31487423252978264,14
7,2,3,5,3,2400,420,473,0.2388888888888889,30.282739896999033,1.065913262318253,4.885267665809813,0.9379060147143745,9.962153555968385,11.276365445680039,3.4522491922239866,0.9138469075592842,5.125702351572292,20,0.5585879401413029,0.00971238470585435,2,0.721663677378073,0.07907311313684685,3,0.5474584695146288,0.2615535102163053,10
7,3,3,5,3,2400,420,423,0.21363636363636362,28.40924872252739,2.0762044163761426,5.7679559725849305,0.5972138443452684,9.821880853983592,8.449903250910223,3.466005516993969,0.8150860213418788,3.527513183328156,22,0.47698154128231945,0.0004450036791095871,2,0.6261444257346523,0.02993789160443003,3,0.5606490490524108,0.5291696716123203,14
7,4,3,5,3,2400,420,464,0.23434343434343435,29.520872858424816,1.5421274889061218,4.986337402883548,0.6404248094996161,10.029105053341734,10.434206931068827,3.458090374698816,0.9050827768789201,4.291807734468852,22,0.534499163447914,0.001413192728668234,2,0.7037722008086011,0.028093244094520856,3,0.5347019400875265,0.4358037665120921,12
8,0,3,5,4,2400,420,459,0.2318181818181818,32.8507812559503,1.2688458371822686,5.09011597110379,0.6167434194763787,9.968624914343728,14.217810712675988,3.5112818711714606,0.8978777631457547,7.4660940403169205,28,0.520989502342929,0.0,1,0.6819547041511115,0.038093896918381935,2,0.5321484878881234,0.2894360305516223,10
8,1,3,5,4,2400,420,437,0.2207070707070707,27.414122865474532,1.2439689439075152,4.838204030257933,0.9641463893275489,10.26294746348933,8.58619974872695,3.486253151952961,0.846713139194311,3.5903019807073573,22,0.5074200637900634,0.017790884386862202,3,0.6577296154573309,0.07428229317512378,4,0.48549550163538663,0.27941391893395284,10
8,2,3,5,4,2400,420,445,0.22474747474747475,30.583984782064373,0.883614474187382,5.0793184184404785,0.4956026300123322,10.008079699615587,11.949899173196803,3.579383973773275,0.8942257883549647,6.747100151690255,34,0.5273101430493133,0.0,1,0.6971146898654661,0.01789650260085524,2,0.5075490070410981,0.16673803558232936,8
8,3,3,5,4,2400,420,491,0.24797979797979797,49.128989789385365,1.71142565727142,5.028381273069752,0.7057445992087338,10.000774647485155,29.994244327994213,3.5240138113796924,0.9427430115613888,15.114193851462623,46,0.5552823173775151,0.002514293978811283,2,0.7283291245903355,0.03865618971786381,3,0.5735750389688632,0.501609300305876,12
8,4,3,5,4,2400,420,495,0.25,44.66143258714908,1.926113180118864,5.057772769560919,0.9918003133783514,10.102533563331862,24.59282386806446,3.5267974636294963,0.9666470789594374,12.963615243509842,36,0.5941742150212463,0.007667717126375093,2,0.7696990569318197,0.07526740641589992,3,0.584644086282231,0.6065265821360021,18
9,0,4,3,2,2400,420,470,0.23737373737373738,29.244271897737924,0.7518619781265717,4.820927640748447,0.8617363274830621,9.848739060407183,10.822239836832269,3.4671433517488053,0.8934877849204899,4.9123654069338105,24,0.5508203286405373,0.013077192324808746,2,0.7134528555482498,0.07599994024220733,3,0.5268383053022491,0.1251043834238291,8
9,1,4,3,2,2400,420,454,0.2292929292929293,26.26759375677668,0.9264835755955256,4.809324559861884,0.578815604567112,9.845996651660684,8.069140965118574,3.4088341160761857,0.8653761199118913,3.382734341721719,18,0.5197123260302032,0.0,1,0.6856568501292754,0.02187875373298719,2,0.5092593981735658,0.18026834873425765,8
9,2,4,3,2,2400,420,439,0.22171717171717173,27.952071764605275,0.7813443357233854,4.780589589554508,0.3743305373082625,9.91378489832396,10.063563530256854,3.6213630070038474,0.8811454190902852,4.398154217701442,26,0.49519838581570336,0.0012821746349316921,2,0.6549812552751587,0.01713195207226907,3,0.4807003819858802,0.1608607424577939,8
9,3,4,3,2,2400,420,492,0.24848484848484848,45.598787979572606,0.7443567116034085,4.993764146369489,0.8791993338386358,9.940325279500325,27.235875143146846,3.4659640093258064,0.9091026132420315,12.606244163104092,40,0.5631640759153157,0.0,1,0.7376687662224738,0.039650004993841886,2,0.5561272745368118,0.14712915318880646,10
9,4,4,3,2,2400,420,467,0.23585858585858585,32.96204094058191,1.0912493282849554,4.983684242628651,0.3717531560357739,9.81071416636951,14.884088599624983,3.573811071030335,0.9154658418307364,6.741090862419827,26,0.5177825197314894,0.0,1,0.6885036012547001,0.005619275161856505,2,0.5144945585476516,0.24977283966704375,10
10,0,4,3,3,2400,420,462,0.23333333333333334,28.2546245278286,1.2382189372590826,5.341677789464803,0.7466433689719596,10.04073735551482,8.825041174924658,3.521593822731743,0.8812218479192656,3.7656580279942453,22,0.5512227664357309,0.0,1,0.7227518343461957,0.0366355627043353,2,0.5518497154805196,0.2716815822044871,10
10,1,4,3,3,2400,420,438,0.22121212121212122,26.912343570638104,0.9944018027585362,4.770597727472426,0.5674326676960479,10.27102665296109,8.596083239202464,3.512881084093609,0.8456910161940265,3.584642299203767,24,0.5075403812580457,0.0,1,0.6706550012930442,0.01819652115305019,2,0.48076917953440945,0.22479770539860786,10
10,2,4,3,3,2400,420,483,0.24393939393939393,40.45014859988021,1.0052917972576942,4.940763011142451,0.9365481556664474,9.869723476261559,21.880005345903843,3.46583738995796,0.9276646994095364,10.514826430213585,44,0.5544972277016977,0.01688820350679739,3,0.7189534686009725,0.07801670851067063,4,0.5484307003999288,0.22020332517861863,8
10,3,4,3,3,2400,420,437,0.2207070707070707,26.603416862459216,1.4579026664692385,5.129875678144261,0.42642456508683846,9.74760007847554,7.942641566587944,3.5427725610116045,0.8538974934776649,3.236809941067605,20,0.4840359413948793,0.0,1,0.6416284788289323,0.01125832909271974,2,0.5166170480526235,0.363356008707383,12
10,4,4,3,3,2400,420,423,0.21363636363636362,25.975737686425635,0.908284598531279,4.954535940261948,0.4643150667795829,9.886850931674672,8.113685721246286,3.558976295370114,0.8320975560724245,3.225667651979946,24,0.45853790825667756,0.0025190947486457777,2,0.6071011819377299,0.015367181962165839,3,0.4767018427543295,0.13850698635949069,10
11,0,4,3,4,2400,420,412,0.2080808080808081,28.53192348710654,0.7075984623861948,4.641966423358222,0.3562276471013424,10.080483947417484,10.961318630126884,3.567110134655406,0.8144029564740816,4.351157597242433,28,0.46014804159394146,0.0,1,0.6111617364594626,0.007106956997378086,2,0.44905677974498864,0.12359373060788272,8
11,1,4,3,4,2400,420,446,0.22525252525252526,28.637386943176548,1.1902536431721917,5.598357678606946,0.5371340012531842,9.907211056414043,10.10689772226553,3.4788778658385766,0.8651624919199516,4.39367927495357,30,0.4905037294697939,0.007191236874525669,2,0.6463531214111823,0.030146790520154922,3,0.5608312529181475,0.20941667202247252,6
11,2,4,3,4,2400,420,433,0.21868686868686868,28.34729272789345,0.7027084083883247,4.9189904496017025,0.7328988932856318,10.292040436164143,9.909727326767616,3.5179202116435615,0.862213883244914,4.133593369422533,22,0.5082730334735991,0.007372688392320015,2,0.6650471912102861,0.045323248655858024,3,0.4980123945841752,0.14550313066185097,10
11,3,4,3,4,2400,420,437,0.2207070707070707,30.52781584349986,0.8224498329738829,4.738071136867101,0.6522471867972918,9.975220214911642,12.94719806193862,3.508924230108288,0.8486581535381365,5.315930950094532,30,0.4755090228538942,0.007069562552197938,2,0.6206056749900375,0.047288628997662126,3,0.4683425597916387,0.1501863711464566,8
11,4,4,3,4,2400,420,446,0.22525252525252526,36.96306525509526,1.1277898367155663,5.364784132412351,0.6473838183844371,9.895834125402303,17.944236047689127,3.4817963271783214,0.8631471232080329,7.67974974390099,42,0.518094576040391,0.0011053810584790178,2,0.6775115211859845,0.040949121662090374,3,0.5522228392344691,0.23693913898126134,8
12,0,4,4,2,2400,420,456,0.23030303030303031,30.12922787266749,1.0452011876090777,4.785344730151623,0.2817738762408892,9.699280508513132,12.709336668595602,3.502388051558689,0.8715475712572682,5.621779808065534,22,0.4826011708235616,0.0,1,0.6422944535125015,0.003521322756741674,2,0.5002860399703978,0.2432990618036749,8
12,1,4,4,2,2400,420,434,0.2191919191919192,29.045980545500168,0.7444878772300041,4.917367433176518,0.47994671976107084,9.782765533227337,11.095054402145427,3.5299309454619165,0.8571363212892101,5.2372169689308965,38,0.49634735682667663,0.0,1,0.6549361229233167,0.020581058536756378,2,0.477159547503852,0.09894373093602346,8
12,2,4,4,2,2400,420,476,0.2404040404040404,27.211144325520063,1.2176105062763556,4.923183232087382,0.772312106099641,10.017856521195052,8.437528340124768,3.463172894050159,0.9007217473125938,3.4686850878359183,20,0.5485035507888691,0.001601456926620831,2,0.7170782433003419,0.04438093018107067,3,0.5467135799818711,0.3306316079395776,12
12,3,4,4,2,2400,420,427,0.21565656565656566,26.00500228802134,1.1701436285609244,5.099760283420273,0.48045725563690894,9.85968740213827,7.7065420733160375,3.4850046617986816,0.8189852197329346,2.9228939936228002,18,0.4669879128437253,0.0,1,0.6179256965973582,0.014174561582826479,2,0.5150191978804839,0.2638200797525436,8
12,4,4,4,2,2400,420,447,0.22575757575757577,30.344913296156196,1.6232516813738107,5.328915823102395,0.43312036020725503,9.946238243355056,11.32506928702049,3.5104296276553746,0.8744635675325445,4.919797228156184,28,0.5034611511991152,0.0003271957922671124,2,0.6658001116015572,0.016771465784056305,3,0.5420953873777015,0.42043071977435365,12
13,0,4,4,3,2400,420,454,0.2292929292929293,28.863108243544435,1.0887591587801968,4.913214045098378,0.4827683206202465,9.933414983022594,10.492748056668386,3.539124481148143,0.8846465342943751,4.207664988861452,24,0.5087846439262371,0.0,1,0.6753172695384283,0.009186767089663464,2,0.5187171451060502,0.24772684811716503,10
13,1,4,4,3,2400,420,434,0.2191919191919192,30.435082591359063,0.7916183322411807,4.618786098279227,0.7831108522804728,10.219814255822758,12.188219962614072,3.4622562874558906,0.836718394307754,5.123090035704292,32,0.50740857991382,0.0,1,0.6630252683515776,0.04055851460054702,2,0.47121486027807463,0.16640224952612995,8
13,2,4,4,3,2400,420,444,0.22424242424242424,37.73895246884478,1.7993076240693215,5.431123561455859,0.6224129831311526,10.145557544700383,18.032439012789236,3.4990047826271504,0.8577256424486892,8.047088928892475,46,0.5062781677102071,0.0005785875118004178,2,0.6691582412664726,0.018216534553210987,3,0.5549621000436835,0.485019786277866,14
13,3,4,4,3,2400,420,438,0.22121212121212122,26.210241947004107,0.9261974537406237,4.76926387831987,0.5301460328082891,9.980053332827087,8.236252665640805,3.451257261444816,0.8480777574566075,3.353750439376498,18,0.49815113956019674,0.0002748487025694821,2,0.6545343880064217,0.029276242924091513,3,0.48100668081663056,0.21341529516643015,8
13,4,4,4,3,2400,420,437,0.2207070707070707,28.466409179236678,0.7238247059575585,4.830080116612855,0.47937875315791195,9.998108827002714,10.607482473254667,3.527758457365839,0.859785646450911,4.274821852042264,22,0.49510240910724407,0.0026911165701675936,2,0.6535873010151846,0.022338849953589972,3,0.47352945494636617,0.11705628794163113,6
14,0,4,4,4,2400,420,465,0.23484848484848486,28.734313295197612,0.7007079335133982,4.716822967564889,0.6148021140685939,9.917883626541412,11.045694070168212,3.4838795561514786,0.9107782169080806,5.036480494222305,20,0.518366702964385,0.0,1,0.681619535065214,0.02860820666189681,2,0.5054528030953097,0.09949026757257781,6
14,1,4,4,4,2400,420,439,0.22171717171717173,36.47522265289391,1.3129018635580059,5.527220611527849,0.4231766651075171,10.136434987217081,17.392873101485467,3.558022168425566,0.8664427294771346,7.505498508852721,40,0.4959199162950028,0.0,1,0.6580746463861792,0.009455726021474507,2,0.5610966378369181,0.28056189169992246,10
14,2,4,4,4,2400,420,454,0.2292929292929293,28.27314971152466,1.6307171876603672,5.167002104826111,0.6866508223025026,10.083171681423929,8.832325879766515,3.5746899589199255,0.8880688700304867,3.706647337708695,20,0.5286076489842939,0.0025051050883083312,2,0.6890436432206607,0.04980477136350112,3,0.5447607944382996,0.45220766233212123,12
14,3,4,4,4,2400,420,473,0.2388888888888889,31.001393761745582,1.3792113283487715,5.223537087751338,0.8203733772063055,9.943636688689988,11.845349618122404,3.4973514657583586,0.9145509607768282,5.623741857185082,22,0.5473557706382163,0.007425628583676238,2,0.7131793036386371,0.057310800220627775,3,0.5580674146932189,0.31588779319888627,8
14,4,4,4,4,2400,420,471,0.23787878787878788,30.34558364599214,0.9152794467343195,4.985407489872398,0.750358638733839,9.629462263500098,12.352074794398813,3.42483583638127,0.9061541070662852,6.499254072751793,30,0.5303856253625444,0.010350610471723852,3,0.6920811906304026,0.05564954003069262,4,0.5175794779394727,0.17659530913710322,10
15,0,4,5,2,2400,420,466,0.23535353535353534,29.53771793045047,1.6986821772536926,5.14174963270894,0.5293064009378499,9.892752999420807,10.479150749060453,3.554592735400022,0.9140843238094907,4.383781423386644,22,0.5187471857366802,0.0,1,0.6858076813044214,0.017565699033456145,2,0.5539192275843589,0.4702038558907137,14
15,1,4,5,2,2400,420,431,0.21767676767676766,31.2209521742748,1.3250481552091207,4.802941674602958,0.6574762922411607,9.8921013388393,12.613482613433858,3.490303654429029,0.8318055001135871,5.826938416516138,28,0.4886500427887157,0.006267091051417556,2,0.6407608032457172,0.038584852469128725,3,0.4769262723152279,0.31194553462363034,12
15,2,4,5,2,2400,420,448,0.22626262626262628,31.693640814746892,0.5275931750278078,4.67706635803202,0.5049252076957905,9.934154481410632,14.011825003626269,3.528244378043741,0.8784109715094142,5.984075895217211,26,0.5048899808124024,0.0,1,0.6672642228793508,0.01776725461155742,2,0.48798868945989005,0.08084821544939128,6
15,3,4,5,2,2400,420,443,0.22373737373737373,25.80427171211031,1.0378728773442032,4.84001722331268,0.6611547816406789,9.96672427478237,7.227557371591925,3.470975514642721,0.845007257652027,2.8379002168086847,20,0.5169231285206112,0.004071211645403612,2,0.6780296638255003,0.03767473425134706,3,0.49766327330573723,0.225596500872325,12
15,4,4,5,2,2400,420,439,0.22171717171717173,28.318729730558022,0.8119676691212157,4.807146051078814,0.4983745588568125,10.002217525447973,9.952079236406847,3.551635710835981,0.8688414127316126,5.180518595939108,28,0.5233842241245742,0.003226216671193373,2,0.6908181193814849,0.024308755025033907,3,0.4806966378510581,0.17261668455656407,10
16,0,4,5,3,2400,420,459,0.2318181818181818,29.91874007040895,2.4117957351163346,5.274432672663353,0.4536271094062286,9.975248587656006,10.344766130003796,3.4907651834387283,0.8881992068755842,4.4775599535516,24,0.510986192418591,0.0,1,0.6769174511144773,0.013192416330931673,2,0.5529389773891117,0.7618772138438207,18
16,1,4,5,3,2400,420,431,0.21767676767676766,25.652992799881854,1.1108017275035749,4.938001117350107,0.4506814575266706,9.949059316855266,7.541817595266308,3.4888254879124903,0.8283677062952102,2.988359454966345,20,0.4803253226478737,0.0,1,0.635887229550657,0.01363960193952419,2,0.4894894093286673,0.21912416443516328,10
16,2,4,5,3,2400,420,444,0.22424242424242424,26.513805759828646,0.5477409686821714,4.672465441701039,0.7850919053984892,9.942288448451075,8.665292011603565,3.530286321530648,0.8554419804570806,3.3560989205603113,24,0.5099850211412315,0.009838828765498476,2,0.6647672336019076,0.0554772125247006,3,0.4725410560227375,0.09149029463785455,6
16,3,4,5,3,2400,420,463,0.23383838383838385,32.33507702961075,1.5633636828775843,5.020917045705656,0.4969854574197268,10.004061499979807,13.809258283769717,3.495444237861501,0.8837488487922797,5.443001968075214,26,0.5129587961816452,0.0,1,0.6771782384423708,0.020300469399468297,2,0.5125063430069002,0.4192480408528557,12
16,4,4,5,3,2400,420,461,0.23282828282828283,30.75350995471726,0.9877356309738471,4.830526238123775,0.6947023019140945,9.995449103402168,12.351226821380584,3.4906463516487056,0.8749636297326709,6.410506644471493,36,0.5314580458768973,0.0004149735788877883,2,0.6960437346987575,0.03811595299020324,3,0.5099619139556583,0.203952667120656,8
17,0,4,5,4,2400,420,426,0.21515151515151515,28.55971934324116,0.986896811188976,5.062687262033547,0.5463446831563376,10.210152384940931,9.916154742479856,3.4991665082058505,0.831177665786936,3.9978168268959564,26,0.4965094688840364,0.0,1,0.6562565704690289,0.017268164129058912,2,0.4973146136085238,0.1947513687596873,8
17,1,4,5,4,2400,420,459,0.2318181818181818,37.9816252977389,1.4150384411802703,5.143588728497586,0.5385512238613316,9.661099178306975,19.638435246545516,3.4151611426984547,0.8830629877464622,7.747113254120238,30,0.4996252642847466,0.0003273626702566341,2,0.6569938429024821,0.027846891101796386,3,0.5417492776680279,0.3693799442070187,14
17,2,4,5,4,2400,420,464,0.23434343434343435,33.003004567568816,0.7762594798482868,4.741649446247232,0.6225028662542885,10.15798651525185,15.118242417317893,3.571142958813815,0.9265127472721792,7.259136911609065,34,0.5171897655573944,0.0010357990347491372,2,0.6778913149058458,0.036120916546789804,3,0.5113386488569533,0.17126217511127803,10
17,3,4,5,4,2400,420,418,0.2111111111111111,27.450394287656263,1.3864775402415106,5.404903179258177,0.3899766305342553,10.073868864428341,8.627509289715235,3.580774687656458,0.8434349382231627,3.30129080201316,22,0.46006319599303735,0.0019074922732514354,2,0.6094894079995515,0.013692052246745797,3,0.5278112940682707,0.3168652248044602,12
17,4,4,5,4,2400,420,437,0.2207070707070707,31.28451719603696,1.1692934716027337,5.0598112872817405,0.49998464122891334,9.896176516634421,12.947586473261817,3.4714250072349055,0.8446243268642827,4.02931838989596,24,0.4838795901487427,0.00430963578022051,2,0.6383923081153616,0.024651072029106755,3,0.5130416467570721,0.24614347117663202,10
18,0,5,3,2,2400,420,462,0.23333333333333334,37.54712475752946,0.8678158165472,4.983792566367974,0.9303197851401531,10.232631213181685,19.046724330252324,3.517033209992281,0.8916537953247776,8.336573715428012,40,0.5329804389843094,0.004765174941265302,2,0.6907875365982071,0.06432432108388124,3,0.525230383060832,0.1526725570764851,6
18,1,5,3,2,2400,420,433,0.21868686868686868,24.917113564578692,1.2623374001444159,5.0241411784921075,0.38141830665478427,9.694974911254747,6.865408627011637,3.4243733013019844,0.8149693177042253,2.4725657776139967,18,0.47551081717898863,0.0003272943598298151,2,0.6290887137696496,0.015104421766835971,3,0.4975933353335607,0.2912442426023722,10
18,2,5,3,2,2400,420,465,0.23484848484848486,28.73811268817645,1.0879472829996848,4.7857039034459605,0.8933501388815938,10.138183052463692,9.941227545185791,3.4867132492387904,0.9007076741968207,4.7719671553881655,24,0.54732263126896,0.003877673185872833,2,0.7099505892861501,0.06331643040326208,3,0.51436765992192,0.24448278826037825,8
18,3,5,3,2,2400,420,440,0.2222222222222222,27.70187815434885,1.0481070762181361,5.141903627624129,0.3803817336127852,9.828725550098683,9.53287182097752,3.5440813481600104,0.863115731682627,3.925395578624295,26,0.48532051550038635,0.0,1,0.6445519830998264,0.007626112702066012,2,0.5193105154729074,0.2040481747699692,10
18,4,5,3,2,2400,420,449,0.22676767676767676,30.31253161068811,0.8405354540720554,4.79371025864781,0.43976373514306594,9.822917130121862,12.520800225091127,3.450392689285138,0.8643021213794477,5.387700472818817,26,0.5035667457703955,0.0,1,0.6682682528392506,0.009462224563829598,2,0.4928831037216465,0.1945593824471008,10
19,0,5,3,3,2400,420,449,0.22676767676767676,27.37185544050331,1.166249064127347,5.416547775691881,0.5097147686273824,9.902514700618436,8.54475888478111,3.5388121027232278,0.8639597009874722,3.6122913731140294,20,0.49811399390789396,0.0,1,0.6548777091903616,0.02782284806049153,2,0.5710679886521502,0.26106922157308554,8
19,1,5,3,3,2400,420,507,0.25606060606060604,66.65133905395624,1.4507608866617805,4.987825543790133,0.7942266130931702,9.990599972143173,47.74497139297308,3.526292102110294,0.9848980627526631,24.998020817435798,58,0.5760694331056427,0.00035081491822137824,2,0.752286905168862,0.04776783183420658,3,0.5781343243938561,0.41557310230016226,12
19,2,5,3,3,2400,420,428,0.21616161616161617,25.18401379637137,0.7978488347889937,5.126041944123768,0.2900150039347254,9.900198091535028,7.2835475505006215,3.488919879883703,0.8410117645508242,2.949500072382104,20,0.4713248740947939,0.0,1,0.625574404049242,0.008576284231449249,2,0.5037858194971859,0.12309697919046807,8
19,3,5,3,3,2400,420,434,0.2191919191919192,28.882085222333384,1.3103689411252006,5.083394983772942,1.07802863857444,10.120776496884016,9.481839548867102,3.469826561519163,0.8576642833878692,3.932940265294477,20,0.5119941885279545,0.00573445255744735,2,0.6572476321357589,0.08196831026198874,3,0.5224600399988859,0.30426068231349224,12
19,4,5,3,3,2400,420,463,0.23383838383838385,31.872784323984632,1.4736306892709146,5.100390178832284,0.6374247841101032,9.780562011507527,13.505324826027087,3.457953428054942,0.8719069926216375,6.178609711853473,28,0.5031407362835979,0.0022979879703692438,2,0.6604296535977049,0.033571972311647005,3,0.5315621919260751,0.355344292560361,8
20,0,5,3,4,2400,420,446,0.22525252525252526,39.86597889431259,0.5288669146305631,4.933536482436194,0.38605447731361503,9.95145343051733,22.2320369500443,3.5454002518052414,0.8910930439495184,10.073453915785906,40,0.5021653647128492,0.0,1,0.6667161984417486,0.00851286352615135,2,0.49813223908839954,0.05044254282506642,6
20,1,5,3,4,2400,420,456,0.23030303030303031,37.71536956172238,1.1390052064800595,4.939066074387495,0.5865962149631988,10.069341029682437,19.264539715530105,3.495084337861322,0.8980133770593475,8.216616159031386,30,0.5188622197610469,0.001224278928356802,2,0.6851206124733481,0.021311320552500075,3,0.5195903706263628,0.27099892891833777,12
20,2,5,3,4,2400,420,442,0.22323232323232323,33.78337583791418,0.6704467210862128,4.509486367855113,0.7459330629156852,10.002385501620285,15.952913432925419,3.4301108865679155,0.8661031861652811,7.0853536902367695,38,0.5136344302573116,0.008945591292133957,2,0.6709661009306872,0.050585009529318326,3,0.461338906943752,0.1230356938023145,6
20,3,5,3,4,2400,420,494,0.2494949494949495,51.068245420338265,1.121050367208327,4.9935055941441915,1.0884162501171266,9.879989195967292,32.17820087858289,3.4665834807460096,0.9517712096194598,15.353567443047535,40,0.5710580028227805,0.01616661618326203,3,0.7373800374585403,0.08825851509876177,4,0.5743358451494033,0.2707379437979949,14
20,4,5,3,4,2400,420,442,0.22323232323232323,31.754255243814793,1.1956923157429982,5.047077564044629,0.5256086386723093,9.9633365924475,13.475494634575108,3.521716853940637,0.8819273114444445,4.9129200432676186,20,0.4872400794189228,0.0016956863899889468,2,0.6413281124107517,0.026671666833424573,3,0.5143530332713157,0.24981354039093054,12
21,0,5,4,2,2400,420,469,0.23686868686868687,29.20584987095718,0.990550353899484,4.8572985669378,0.9990430145217072,10.202843008129932,10.257885755523423,3.4115494424921176,0.8875067516035078,4.774589950923098,20,0.5655240125430765,0.02589169770341864,3,0.7344649447572347,0.08459291360401938,4,0.5272417452831936,0.23751583906728113,10
21,1,5,4,2,2400,420,413,0.2085858585858586,24.03262957449113,1.597929871172308,5.871991816842969,0.2916952204092223,9.893987660731588,4.6573313046832165,3.5381861928228986,0.8020384812489895,1.4619651678006578,10,0.449615148044822,0.0,1,0.5968566335096592,0.007890691650310304,2,0.5641507294841149,0.32659934120125433,12
21,2,5,4,2,2400,420,493,0.24898989898989898,34.14976840584038,0.4922087636918017,4.620238989260282,0.4794025945098472,9.783493477199318,17.03987566792284,3.51245682340459,0.958384209996048,8.2428728551432,24,0.5409410568116263,0.0,1,0.7141957919115086,0.021176851511980965,2,0.5145808015637527,0.08198211460505213,8
21,3,5,4,2,2400,420,442,0.22323232323232323,30.425967584592396,1.1535894900909804,5.210344563044666,0.683957384208788,9.945234306217879,11.765962659411267,3.4500998329043444,0.8687004868644194,4.989275691503146,28,0.49870782169340555,0.002217988398420499,2,0.6523132611281952,0.0401094917874574,3,0.537119321558875,0.3091244203167772,8
21,4,5,4,2,2400,420,445,0.22474747474747475,28.172021820744522,0.9176675882944878,4.807807312352474,0.7233334043677491,10.211930064736153,9.659798780731654,3.471947259330671,0.8511647878601347,4.083898585650144,26,0.525812745711083,0.0002121852116290782,2,0.6873774388458043,0.041330851518549,3,0.49098728399518554,0.17515305493579314,10
22,0,5,4,3,2400,420,418,0.2111111111111111,24.741061225458527,1.362223984500222,4.842714767756492,0.39632249338021186,9.926862529221802,6.530288300820221,3.5605152564113864,0.8192699186871195,2.3894438298378367,14,0.4566529179885101,0.001229528437522731,2,0.6041176478439453,0.015488256859727602,3,0.4683377587189305,0.35271360495421183,12
22,1,5,4,3,2400,420,417,0.2106060606060606,26.45489587707288,0.854967643898799,5.121193278832199,0.4820083557701341,10.289299004978679,8.127658250744073,3.48753981698538,0.8312923955172755,3.1683897214971513,24,0.481792059803757,0.0004193299657023512,2,0.6346764766075947,0.023558139357946272,3,0.4836682541119302,0.12620249342422077,8
22,2,5,4,3,2400,420,462,0.23333333333333334,32.524838494796896,1.6620489115514654,5.445503106852591,0.5624288513257923,9.76175026346264,12.944299320739358,3.568661999454977,0.9169121553832554,6.385993026430887,26,0.5331907174547665,0.0,1,0.7016898265532118,0.027693390159431095,2,0.5803036139120693,0.4241590212910574,10
22,3,5,4,3,2400,420,525,0.26515151515151514,50.53925307209002,1.329613832002413,5.103807029365369,0.7690262540056482,9.892631107877904,31.5907122876362,3.5379417358047167,0.9905654920889264,16.324985716480157,50,0.5882137290274837,0.003011241295843121,2,0.7710965062322508,0.04257663870902697,3,0.6160348283567166,0.3225232402280564,10
22,4,5,4,3,2400,420,422,0.21313131313131314,26.915735218868864,0.832860796975471,5.064860615235501,0.7087620321121844,10.11837859068417,8.26829803035576,3.496397358226562,0.8250922553422756,3.094378342992032,20,0.4899039517849816,0.0016470376030778737,2,0.6382886871328575,0.04639678334443184,3,0.5005648259119828,0.16525116468015277,10
23,0,5,4,4,2400,420,444,0.22424242424242424,30.93162796721023,0.8084852085017276,4.738675162573103,0.5703689580908389,10.189403763102426,12.79034749388591,3.434088722461495,0.8735553011216383,5.592793276882409,30,0.5153882961607138,0.0,1,0.6805545012900397,0.019889680772734775,2,0.4924386372678002,0.1671614341131744,10
23,1,5,4,4,2400,420,479,0.24191919191919192,29.227903378439958,1.5935579658806234,5.101291460734252,0.7943377098573023,10.087246998363291,9.753168921574105,3.462166331156303,0.917080124818602,4.821697966291686,26,0.564214834682993,0.0006762512583363351,2,0.7398284683856075,0.038050184833485386,3,0.5612250662059917,0.4354922932816854,10
23,2,5,4,4,2400,420,452,0.22828282828282828,29.991887447194998,0.7540924783010042,4.649663432506243,0.49371219581326903,10.114325968753716,12.008497530486146,3.50459038307503,0.8785354247689631,5.22960068173709,24,0.5181131049802395,0.0020749457358613427,2,0.6850683514151221,0.01932231141145373,3,0.4907978067645475,0.17045608280842792,8
23,3,5,4,4,2400,420,434,0.2191919191919192,27.18504114184134,0.7605727115550887,4.9233017489579325,0.498698309113823,9.92993522456422,9.051310738901797,3.5193426719470033,0.8499250239093062,3.7876819166040785,24,0.49489532473270087,0.0,1,0.6550899135975942,0.014311558138021237,2,0.48760801295610273,0.10415382216823951,8
23,4,5,4,4,2400,420,462,0.23333333333333334,34.36125323754252,0.9235179503505068,5.317532602685657,0.7315298357484077,10.115853712789507,15.969022002128334,3.4249745681813484,0.8947796506161659,7.186978550005642,34,0.5207888679100389,0.00479244703998106,2,0.6812154924489935,0.04430144133315643,3,0.556286889879814,0.16699387211717037,8
24,0,5,5,2,2400,420,443,0.22373737373737373,32.499339956508614,1.1392114461688576,5.094733986389054,0.5444022431183868,9.952719344512788,13.852794872612417,3.5024452249893776,0.8711636649732392,5.604784527846897,28,0.5069601361730387,0.0007355694081505622,2,0.6692590663375593,0.020798915087627164,3,0.5229883970506738,0.2635517795267453,10
24,1,5,5,2,2400,420,439,0.22171717171717173,27.095362362208522,1.3590635430512268,5.646751151292571,0.31807049065198456,9.669744042357417,8.703870213282718,3.4742832709743587,0.8594831570227676,3.2885211508580072,20,0.4656877306060562,0.0,1,0.61831382253891,0.007809454807495065,2,0.559449110253458,0.3062650707407328,8
24,2,5,5,2,2400,420,435,0.2196969696969697,26.83052100658849,0.9937208546460233,5.255110853494068,0.45759487083368616,9.853610403916361,8.457931033034324,3.5335712719600334,0.8517849573537423,3.440800907662386,18,0.4806965467735276,0.0,1,0.634169126675269,0.020278807068303314,2,0.5307015830479234,0.18461997764245777,6
24,3,5,5,2,2400,420,448,0.22626262626262628,27.800347374666018,0.755871616286197,5.053332946325866,0.567907543510567,9.903171415162907,9.839406739212151,3.461313124308937,0.8302430614708798,4.155588387763606,26,0.5058229491943959,0.0,1,0.6674662935118834,0.0208929162419331,2,0.5141676997178035,0.12713673053537072,10
24,4,5,5,2,2400,420,429,0.21666666666666667,25.899322572809577,0.738236953173987,4.6742124230243105,0.4348799131538475,9.918491199365166,8.316524327359557,3.4948688828511205,0.8188976994899994,3.2945212207062946,22,0.48310501894715185,0.0,1,0.63870432489928,0.01630710109076709,2,0.45435727064133247,0.14041421033988985,8
25,0,5,5,3,2400,420,465,0.23484848484848486,35.19290710979364,1.1821677017499324,5.038905867692655,0.8148230339710989,9.958403022609787,16.151366637064594,3.552841119461628,0.941167550058394,10.234713167226824,52,0.5495749325957417,0.013439463748861818,2,0.713785428898717,0.07038290743567722,3,0.5342230799810338,0.304143890473709,10
25,1,5,5,3,2400,420,468,0.23636363636363636,29.06657550027023,0.8625938921413668,4.644207333958474,1.136539773677981,9.8984918181728,10.888510804922843,3.4156546877404392,0.9038299454453166,4.75109085877902,24,0.5335903126725224,0.020459062245575612,3,0.6834443833881644,0.10448716277117184,4,0.506668309327318,0.17278187671429626,6
25,2,5,5,3,2400,420,423,0.21363636363636362,35.08309840326557,0.3572878862867346,4.549708247803679,0.8169677355941873,10.044366934517901,17.572425719151095,3.495158106089473,0.8370606109254287,7.360727914725264,38,0.48908666251597627,0.02579232969476299,3,0.6326434593541571,0.08420860169619585,4,0.45099377140593455,0.05117882973677739,6
25,3,5,5,3,2400,420,435,0.2196969696969697,26.287810395857058,1.4387394347272326,5.273227665222284,0.6662713732027109,10.072737565213432,6.765623229592432,3.5401172113922663,0.8555937810166029,2.6752764397041275,16,0.5149432596377479,0.0,1,0.6726265850579884,0.041893283377026184,2,0.5285949124172966,0.3865839207974024,12
25,4,5,5,3,2400,420,471,0.23787878787878788,38.95052399432871,1.01397310913694,4.63685527058692,0.8821325143522458,9.879627665806034,20.523144163923867,3.5120341824030548,0.8907209204357056,9.565356298778662,38,0.5510965333132471,0.006272900113895898,2,0.7144623138578264,0.06727209179340535,3,0.5070900128095714,0.22084118709343492,10
26,0,5,5,4,2400,420,474,0.23939393939393938,37.24297417440399,1.281110433061938,5.08307872245706,1.0253335930180825,10.01138806900037,17.84737006686825,3.5159817960805992,0.9321890346737052,8.590009628273075,36,0.5617234359984822,0.01081749157685349,2,0.7230689776895075,0.0885043025022591,3,0.5621304822876604,0.359179124914037,12
26,1,5,5,4,2400,420,472,0.2383838383838384,33.82225520289859,1.4506205725103185,4.88735212322662,0.6941909301035428,9.978689193977631,14.91807260823043,3.52925165298799,0.9074651203904819,7.069770908047235,26,0.5433227723612196,0.0021320878822442555,2,0.7115267656374913,0.04084288041464898,3,0.5332602927116157,0.39477109136155053,10
26,2,5,5,4,2400,420,461,0.23282828282828283,30.321516260681932,1.6570957918356735,5.454182905215339,0.48793883589408377,9.782060332106623,11.208084097348525,3.4956412862021367,0.8938404050912164,5.067857735091238,26,0.5097764712988296,0.0,1,0.6732534498869652,0.01934553553442264,2,0.5701997688440316,0.40346973004653075,10
26,3,5,5,4,2400,420,466,0.23535353535353534,27.3145570899879,1.0107007580649885,5.289343292079103,0.7313182675067402,10.142257005665417,8.827038070039587,3.4967560572337146,0.9080593314951588,3.7786704389117087,24,0.5197813817795871,0.005683116430197579,2,0.6827570746022716,0.036537419741731615,3,0.5503425643231286,0.20394075959037278,8
26,4,5,5,4,2400,420,431,0.21767676767676766,29.20480154269428,0.9964581976826089,5.184883480906765,0.5022677711210536,9.905653991128313,10.761936153975245,3.543369666431981,0.8631931212695824,4.55361771638189,24,0.4888336217992699,0.0019847712185689184,2,0.6431153346314339,0.027973254521347454,3,0.5183947398288175,0.20382101891587612,10
