case_id,activity,timestamp,lifecycle,resource,priority,decision,decision_time,activity_priority,system_time
Chamadas_0,Arrival,0.0,complete,,0.0,,,,
Chamadas_0,DecideTronco_Atender,0.0,complete,,,Atender,0.0,,
Chamadas_0,Atendimento,0.0,start,Troncos,0.0,,,,
Chamadas_0,Atendimento,0.227906286742828,complete,Troncos,0.0,,,,
Chamadas_0,Discharge,0.227906286742828,complete,,,,,,0.227906286742828
Chamadas_1,Arrival,0.003585626226019517,complete,,0.0,,,,
Chamadas_1,DecideTronco_Atender,0.003585626226019517,complete,,,Atender,0.003585626226019517,,
Chamadas_1,Atendimento,0.003585626226019517,start,Troncos,0.0,,,,
Chamadas_1,Atendimento,0.8111118364297829,complete,Troncos,0.0,,,,
Chamadas_1,Discharge,0.8111118364297829,complete,,,,,,0.8075262102037634
Chamadas_10,Arrival,0.5460800192590536,complete,,0.0,,,,
Chamadas_10,DecideTronco_Atender,0.5460800192590536,complete,,,Atender,0.5460800192590536,,
Chamadas_10,Atendimento,0.5460800192590536,start,Troncos,0.0,,,,
Chamadas_10,Atendimento,0.946558057680214,complete,Troncos,0.0,,,,
Chamadas_10,Discharge,0.946558057680214,complete,,,,,,0.40047803842116036
Chamadas_100,Arrival,6.658202015457181,complete,,0.0,,,,
Chamadas_100,DecideTronco_Atender,6.658202015457181,complete,,,Atender,6.658202015457181,,
Chamadas_100,Atendimento,6.658202015457181,start,Troncos,0.0,,,,
Chamadas_100,Atendimento,11.839767892360468,complete,Troncos,0.0,,,,
Chamadas_100,Discharge,11.839767892360468,complete,,,,,,5.181565876903288
Chamadas_101,Arrival,6.730283214710302,complete,,0.0,,,,
Chamadas_101,DecideTronco_Atender,6.730283214710302,complete,,,Atender,6.730283214710302,,
Chamadas_101,Atendimento,6.730283214710302,start,Troncos,0.0,,,,
Chamadas_101,Atendimento,9.57530066172549,complete,Troncos,0.0,,,,
Chamadas_101,Discharge,9.57530066172549,complete,,,,,,2.8450174470151888
Chamadas_102,Arrival,6.877605403209027,complete,,0.0,,,,
Chamadas_102,DecideTronco_Atender,6.877605403209027,complete,,,Atender,6.877605403209027,,
Chamadas_102,Atendimento,6.877605403209027,start,Troncos,0.0,,,,
Chamadas_102,Atendimento,7.806964656324441,complete,Troncos,0.0,,,,
Chamadas_102,Discharge,7.806964656324441,complete,,,,,,0.9293592531154138
Chamadas_103,Arrival,6.9433364122959285,complete,,0.0,,,,
Chamadas_103,DecideTronco_Atender,6.9433364122959285,complete,,,Atender,6.9433364122959285,,
Chamadas_103,Atendimento,6.9433364122959285,start,Troncos,0.0,,,,
Chamadas_103,Atendimento,7.612091808299903,complete,Troncos,0.0,,,,
Chamadas_103,Discharge,7.612091808299903,complete,,,,,,0.6687553960039745
Chamadas_104,Arrival,7.053354286655274,complete,,0.0,,,,
Chamadas_104,DecideTronco_Atender,7.053354286655274,complete,,,Atender,7.053354286655274,,
Chamadas_104,Atendimento,7.053354286655274,start,Troncos,0.0,,,,
Chamadas_104,Atendimento,8.816783271740581,complete,Troncos,0.0,,,,
Chamadas_104,Discharge,8.816783271740581,complete,,,,,,1.7634289850853069
Chamadas_105,Arrival,7.080916534329244,complete,,0.0,,,,
Chamadas_105,DecideTronco_Atender,7.080916534329244,complete,,,Atender,7.080916534329244,,
Chamadas_105,Atendimento,7.080916534329244,start,Troncos,0.0,,,,
Chamadas_105,Atendimento,7.471006327601437,complete,Troncos,0.0,,,,
Chamadas_105,Discharge,7.471006327601437,complete,,,,,,0.3900897932721925
Chamadas_106,Arrival,7.125914719617222,complete,,0.0,,,,
Chamadas_106,DecideTronco_Atender,7.125914719617222,complete,,,Atender,7.125914719617222,,
Chamadas_106,Atendimento,7.125914719617222,start,Troncos,0.0,,,,
Chamadas_106,Atendimento,8.83169154303938,complete,Troncos,0.0,,,,
Chamadas_106,Discharge,8.83169154303938,complete,,,,,,1.7057768234221582
Chamadas_107,Arrival,7.1332893871472525,complete,,0.0,,,,
Chamadas_107,DecideTronco_Atender,7.1332893871472525,complete,,,Atender,7.1332893871472525,,
Chamadas_107,Atendimento,7.1332893871472525,start,Troncos,0.0,,,,
Chamadas_107,Atendimento,10.017226756730162,complete,Troncos,0.0,,,,
Chamadas_107,Discharge,10.017226756730162,complete,,,,,,2.8839373695829096
Chamadas_108,Arrival,7.380022700568315,complete,,0.0,,,,
Chamadas_108,DecideTronco_Atender,7.380022700568315,complete,,,Atender,7.380022700568315,,
Chamadas_108,Atendimento,7.380022700568315,start,Troncos,0.0,,,,
Chamadas_108,Atendimento,8.196705123582568,complete,Troncos,0.0,,,,
Chamadas_108,Discharge,8.196705123582568,complete,,,,,,0.8166824230142531
Chamadas_109,Arrival,7.39759690220922,complete,,0.0,,,,
Chamadas_109,DecideTronco_Atender,7.39759690220922,complete,,,Atender,7.39759690220922,,
Chamadas_109,Atendimento,7.39759690220922,start,Troncos,0.0,,,,
Chamadas_109,Atendimento,14.416444989877721,complete,Troncos,0.0,,,,
Chamadas_109,Discharge,14.416444989877721,complete,,,,,,7.018848087668501
Chamadas_11,Arrival,0.5773625881205575,complete,,0.0,,,,
Chamadas_11,DecideTronco_Atender,0.5773625881205575,complete,,,Atender,0.5773625881205575,,
Chamadas_11,Atendimento,0.5773625881205575,start,Troncos,0.0,,,,
Chamadas_11,Atendimento,0.9503275213010909,complete,Troncos,0.0,,,,
Chamadas_11,Discharge,0.9503275213010909,complete,,,,,,0.37296493318053336
Chamadas_110,Arrival,7.433483366403128,complete,,0.0,,,,
Chamadas_110,DecideTronco_Atender,7.433483366403128,complete,,,Atender,7.433483366403128,,
Chamadas_110,Atendimento,7.433483366403128,start,Troncos,0.0,,,,
Chamadas_110,Atendimento,10.043250183020561,complete,Troncos,0.0,,,,
Chamadas_110,Discharge,10.043250183020561,complete,,,,,,2.609766816617433
Chamadas_111,Arrival,7.460966836312787,complete,,0.0,,,,
Chamadas_111,DecideTronco_Dispose,7.460966836312787,complete,,,Dispose,7.460966836312787,,
Chamadas_111,Discharge,7.460966836312787,complete,,,,,,0.0
Chamadas_112,Arrival,7.5834025702938765,complete,,0.0,,,,
Chamadas_112,DecideTronco_Atender,7.5834025702938765,complete,,,Atender,7.5834025702938765,,
Chamadas_112,Atendimento,7.5834025702938765,start,Troncos,0.0,,,,
Chamadas_112,Atendimento,7.977447641875635,complete,Troncos,0.0,,,,
Chamadas_112,Discharge,7.977447641875635,complete,,,,,,0.3940450715817585
Chamadas_113,Arrival,7.595603267846483,complete,,0.0,,,,
Chamadas_113,DecideTronco_Atender,7.595603267846483,complete,,,Atender,7.595603267846483,,
Chamadas_113,Atendimento,7.595603267846483,start,Troncos,0.0,,,,
Chamadas_113,Atendimento,7.9989723128881405,complete,Troncos,0.0,,,,
Chamadas_113,Discharge,7.9989723128881405,complete,,,,,,0.40336904504165716
Chamadas_114,Arrival,7.650057482339276,complete,,0.0,,,,
Chamadas_114,DecideTronco_Atender,7.650057482339276,complete,,,Atender,7.650057482339276,,
Chamadas_114,Atendimento,7.650057482339276,start,Troncos,0.0,,,,
Chamadas_114,Atendimento,11.426459296004134,complete,Troncos,0.0,,,,
Chamadas_114,Discharge,11.426459296004134,complete,,,,,,3.776401813664858
Chamadas_115,Arrival,7.717882921001745,complete,,0.0,,,,
Chamadas_115,DecideTronco_Atender,7.717882921001745,complete,,,Atender,7.717882921001745,,
Chamadas_115,Atendimento,7.717882921001745,start,Troncos,0.0,,,,
Chamadas_115,Atendimento,11.719739792950993,complete,Troncos,0.0,,,,
Chamadas_115,Discharge,11.719739792950993,complete,,,,,,4.001856871949248
Chamadas_116,Arrival,7.760508339798708,complete,,0.0,,,,
Chamadas_116,DecideTronco_Atender,7.760508339798708,complete,,,Atender,7.760508339798708,,
Chamadas_116,Atendimento,7.760508339798708,start,Troncos,0.0,,,,
Chamadas_116,Atendimento,7.78965532632689,complete,Troncos,0.0,,,,
Chamadas_116,Discharge,7.78965532632689,complete,,,,,,0.029146986528181706
Chamadas_117,Arrival,7.8401569214575595,complete,,0.0,,,,
Chamadas_117,DecideTronco_Atender,7.8401569214575595,complete,,,Atender,7.8401569214575595,,
Chamadas_117,Atendimento,7.8401569214575595,start,Troncos,0.0,,,,
Chamadas_117,Atendimento,11.294091777681242,complete,Troncos,0.0,,,,
Chamadas_117,Discharge,11.294091777681242,complete,,,,,,3.4539348562236825
Chamadas_118,Arrival,7.91475103327777,complete,,0.0,,,,
Chamadas_118,DecideTronco_Atender,7.91475103327777,complete,,,Atender,7.91475103327777,,
Chamadas_118,Atendimento,7.91475103327777,start,Troncos,0.0,,,,
Chamadas_118,Atendimento,8.185636145105006,complete,Troncos,0.0,,,,
Chamadas_118,Discharge,8.185636145105006,complete,,,,,,0.2708851118272362
Chamadas_119,Arrival,7.993954998994016,complete,,0.0,,,,
Chamadas_119,DecideTronco_Atender,7.993954998994016,complete,,,Atender,7.993954998994016,,
Chamadas_119,Atendimento,7.993954998994016,start,Troncos,0.0,,,,
Chamadas_119,Atendimento,8.261096536628125,complete,Troncos,0.0,,,,
Chamadas_119,Discharge,8.261096536628125,complete,,,,,,0.2671415376341093
Chamadas_12,Arrival,0.6917529592441716,complete,,0.0,,,,
Chamadas_12,DecideTronco_Atender,0.6917529592441716,complete,,,Atender,0.6917529592441716,,
Chamadas_12,Atendimento,0.6917529592441716,start,Troncos,0.0,,,,
Chamadas_12,Atendimento,1.9121871246588922,complete,Troncos,0.0,,,,
Chamadas_12,Discharge,1.9121871246588922,complete,,,,,,1.2204341654147206
Chamadas_120,Arrival,8.11526892129699,complete,,0.0,,,,
Chamadas_120,DecideTronco_Atender,8.11526892129699,complete,,,Atender,8.11526892129699,,
Chamadas_120,Atendimento,8.11526892129699,start,Troncos,0.0,,,,
Chamadas_120,Atendimento,15.640209434891664,complete,Troncos,0.0,,,,
Chamadas_120,Discharge,15.640209434891664,complete,,,,,,7.524940513594675
Chamadas_121,Arrival,8.130632500624086,complete,,0.0,,,,
Chamadas_121,DecideTronco_Atender,8.130632500624086,complete,,,Atender,8.130632500624086,,
Chamadas_121,Atendimento,8.130632500624086,start,Troncos,0.0,,,,
Chamadas_121,Atendimento,10.56728292583199,complete,Troncos,0.0,,,,
Chamadas_121,Discharge,10.56728292583199,complete,,,,,,2.436650425207903
Chamadas_122,Arrival,8.13130606342351,complete,,0.0,,,,
Chamadas_122,DecideTronco_Atender,8.13130606342351,complete,,,Atender,8.13130606342351,,
Chamadas_122,Atendimento,8.13130606342351,start,Troncos,0.0,,,,
Chamadas_122,Atendimento,8.929545724259535,complete,Troncos,0.0,,,,
Chamadas_122,Discharge,8.929545724259535,complete,,,,,,0.7982396608360247
Chamadas_123,Arrival,8.135723542691249,complete,,0.0,,,,
Chamadas_123,DecideTronco_Atender,8.135723542691249,complete,,,Atender,8.135723542691249,,
Chamadas_123,Atendimento,8.135723542691249,start,Troncos,0.0,,,,
Chamadas_123,Atendimento,9.025408322389051,complete,Troncos,0.0,,,,
Chamadas_123,Discharge,9.025408322389051,complete,,,,,,0.8896847796978022
Chamadas_124,Arrival,8.171432204502976,complete,,0.0,,,,
Chamadas_124,DecideTronco_Atender,8.171432204502976,complete,,,Atender,8.171432204502976,,
Chamadas_124,Atendimento,8.171432204502976,start,Troncos,0.0,,,,
Chamadas_124,Atendimento,8.592926748652989,complete,Troncos,0.0,,,,
Chamadas_124,Discharge,8.592926748652989,complete,,,,,,0.4214945441500131
Chamadas_125,Arrival,8.19125047387375,complete,,0.0,,,,
Chamadas_125,DecideTronco_Atender,8.19125047387375,complete,,,Atender,8.19125047387375,,
Chamadas_125,Atendimento,8.19125047387375,start,Troncos,0.0,,,,
Chamadas_125,Atendimento,9.339387824698855,complete,Troncos,0.0,,,,
Chamadas_125,Discharge,9.339387824698855,complete,,,,,,1.148137350825106
Chamadas_126,Arrival,8.260350603439559,complete,,0.0,,,,
Chamadas_126,DecideTronco_Atender,8.260350603439559,complete,,,Atender,8.260350603439559,,
Chamadas_126,Atendimento,8.260350603439559,start,Troncos,0.0,,,,
Chamadas_126,Atendimento,9.257416393450121,complete,Troncos,0.0,,,,
Chamadas_126,Discharge,9.257416393450121,complete,,,,,,0.9970657900105628
Chamadas_127,Arrival,8.263878909390483,complete,,0.0,,,,
Chamadas_127,DecideTronco_Atender,8.263878909390483,complete,,,Atender,8.263878909390483,,
Chamadas_127,Atendimento,8.263878909390483,start,Troncos,0.0,,,,
Chamadas_127,Atendimento,8.522031485473779,complete,Troncos,0.0,,,,
Chamadas_127,Discharge,8.522031485473779,complete,,,,,,0.25815257608329567
Chamadas_128,Arrival,8.29444681464846,complete,,0.0,,,,
Chamadas_128,DecideTronco_Dispose,8.29444681464846,complete,,,Dispose,8.29444681464846,,
Chamadas_128,Discharge,8.29444681464846,complete,,,,,,0.0
Chamadas_129,Arrival,8.333626395653328,complete,,0.0,,,,
Chamadas_129,DecideTronco_Atender,8.333626395653328,complete,,,Atender,8.333626395653328,,
Chamadas_129,Atendimento,8.333626395653328,start,Troncos,0.0,,,,
Chamadas_129,Atendimento,9.22838511970968,complete,Troncos,0.0,,,,
Chamadas_129,Discharge,9.22838511970968,complete,,,,,,0.8947587240563522
Chamadas_13,Arrival,0.7191432146051686,complete,,0.0,,,,
Chamadas_13,DecideTronco_Atender,0.7191432146051686,complete,,,Atender,0.7191432146051686,,
Chamadas_13,Atendimento,0.7191432146051686,start,Troncos,0.0,,,,
Chamadas_13,Atendimento,0.9037187671842909,complete,Troncos,0.0,,,,
Chamadas_13,Discharge,0.9037187671842909,complete,,,,,,0.18457555257912228
Chamadas_130,Arrival,8.414545117323893,complete,,0.0,,,,
Chamadas_130,DecideTronco_Dispose,8.414545117323893,complete,,,Dispose,8.414545117323893,,
Chamadas_130,Discharge,8.414545117323893,complete,,,,,,0.0
Chamadas_131,Arrival,8.465506021543806,complete,,0.0,,,,
Chamadas_131,DecideTronco_Dispose,8.465506021543806,complete,,,Dispose,8.465506021543806,,
Chamadas_131,Discharge,8.465506021543806,complete,,,,,,0.0
Chamadas_132,Arrival,8.587004781199616,complete,,0.0,,,,
Chamadas_132,DecideTronco_Atender,8.587004781199616,complete,,,Atender,8.587004781199616,,
Chamadas_132,Atendimento,8.587004781199616,start,Troncos,0.0,,,,
Chamadas_132,Atendimento,9.903756321218617,complete,Troncos,0.0,,,,
Chamadas_132,Discharge,9.903756321218617,complete,,,,,,1.316751540019002
Chamadas_133,Arrival,8.611950919302258,complete,,0.0,,,,
Chamadas_133,DecideTronco_Atender,8.611950919302258,complete,,,Atender,8.611950919302258,,
Chamadas_133,Atendimento,8.611950919302258,start,Troncos,0.0,,,,
Chamadas_133,Atendimento,13.507255299214936,complete,Troncos,0.0,,,,
Chamadas_133,Discharge,13.507255299214936,complete,,,,,,4.8953043799126785
Chamadas_134,Arrival,8.653431440210932,complete,,0.0,,,,
Chamadas_134,DecideTronco_Dispose,8.653431440210932,complete,,,Dispose,8.653431440210932,,
Chamadas_134,Discharge,8.653431440210932,complete,,,,,,0.0
Chamadas_135,Arrival,8.65894130251083,complete,,0.0,,,,
Chamadas_135,DecideTronco_Dispose,8.65894130251083,complete,,,Dispose,8.65894130251083,,
Chamadas_135,Discharge,8.65894130251083,complete,,,,,,0.0
Chamadas_136,Arrival,8.665857556268515,complete,,0.0,,,,
Chamadas_136,DecideTronco_Dispose,8.665857556268515,complete,,,Dispose,8.665857556268515,,
Chamadas_136,Discharge,8.665857556268515,complete,,,,,,0.0
Chamadas_137,Arrival,8.69802502493137,complete,,0.0,,,,
Chamadas_137,DecideTronco_Dispose,8.69802502493137,complete,,,Dispose,8.69802502493137,,
Chamadas_137,Discharge,8.69802502493137,complete,,,,,,0.0
Chamadas_138,Arrival,8.71572249024843,complete,,0.0,,,,
Chamadas_138,DecideTronco_Dispose,8.71572249024843,complete,,,Dispose,8.71572249024843,,
Chamadas_138,Discharge,8.71572249024843,complete,,,,,,0.0
Chamadas_139,Arrival,8.819747894705198,complete,,0.0,,,,
Chamadas_139,DecideTronco_Atender,8.819747894705198,complete,,,Atender,8.819747894705198,,
Chamadas_139,Atendimento,8.819747894705198,start,Troncos,0.0,,,,
Chamadas_139,Atendimento,9.899718801769428,complete,Troncos,0.0,,,,
Chamadas_139,Discharge,9.899718801769428,complete,,,,,,1.0799709070642294
Chamadas_14,Arrival,0.7759009473527023,complete,,0.0,,,,
Chamadas_14,DecideTronco_Atender,0.7759009473527023,complete,,,Atender,0.7759009473527023,,
Chamadas_14,Atendimento,0.7759009473527023,start,Troncos,0.0,,,,
Chamadas_14,Atendimento,1.2963713999584798,complete,Troncos,0.0,,,,
Chamadas_14,Discharge,1.2963713999584798,complete,,,,,,0.5204704526057775
Chamadas_140,Arrival,8.832570124904034,complete,,0.0,,,,
Chamadas_140,DecideTronco_Atender,8.832570124904034,complete,,,Atender,8.832570124904034,,
Chamadas_140,Atendimento,8.832570124904034,start,Troncos,0.0,,,,
Chamadas_140,Atendimento,10.835577804749613,complete,Troncos,0.0,,,,
Chamadas_140,Discharge,10.835577804749613,complete,,,,,,2.003007679845579
Chamadas_141,Arrival,8.8650417507012,complete,,0.0,,,,
Chamadas_141,DecideTronco_Atender,8.8650417507012,complete,,,Atender,8.8650417507012,,
Chamadas_141,Atendimento,8.8650417507012,start,Troncos,0.0,,,,
Chamadas_141,Atendimento,9.214484777396034,complete,Troncos,0.0,,,,
Chamadas_141,Discharge,9.214484777396034,complete,,,,,,0.34944302669483385
Chamadas_142,Arrival,9.087882884586262,complete,,0.0,,,,
Chamadas_142,DecideTronco_Atender,9.087882884586262,complete,,,Atender,9.087882884586262,,
Chamadas_142,Atendimento,9.087882884586262,start,Troncos,0.0,,,,
Chamadas_142,Atendimento,10.976814285262163,complete,Troncos,0.0,,,,
Chamadas_142,Discharge,10.976814285262163,complete,,,,,,1.8889314006759008
Chamadas_143,Arrival,9.222518837773489,complete,,0.0,,,,
Chamadas_143,DecideTronco_Atender,9.222518837773489,complete,,,Atender,9.222518837773489,,
Chamadas_143,Atendimento,9.222518837773489,start,Troncos,0.0,,,,
Chamadas_143,Atendimento,10.076191541372468,complete,Troncos,0.0,,,,
Chamadas_143,Discharge,10.076191541372468,complete,,,,,,0.8536727035989795
Chamadas_144,Arrival,9.234243505104875,complete,,0.0,,,,
Chamadas_144,DecideTronco_Atender,9.234243505104875,complete,,,Atender,9.234243505104875,,
Chamadas_144,Atendimento,9.234243505104875,start,Troncos,0.0,,,,
Chamadas_144,Atendimento,9.338356385722008,complete,Troncos,0.0,,,,
Chamadas_144,Discharge,9.338356385722008,complete,,,,,,0.10411288061713364
Chamadas_145,Arrival,9.272320548808539,complete,,0.0,,,,
Chamadas_145,DecideTronco_Atender,9.272320548808539,complete,,,Atender,9.272320548808539,,
Chamadas_145,Atendimento,9.272320548808539,start,Troncos,0.0,,,,
Chamadas_145,Atendimento,9.646972780159684,complete,Troncos,0.0,,,,
Chamadas_145,Discharge,9.646972780159684,complete,,,,,,0.37465223135114556
Chamadas_146,Arrival,9.308000796083707,complete,,0.0,,,,
Chamadas_146,DecideTronco_Atender,9.308000796083707,complete,,,Atender,9.308000796083707,,
Chamadas_146,Atendimento,9.308000796083707,start,Troncos,0.0,,,,
Chamadas_146,Atendimento,15.60497262928812,complete,Troncos,0.0,,,,
Chamadas_146,Discharge,15.60497262928812,complete,,,,,,6.296971833204413
Chamadas_147,Arrival,9.404498253959598,complete,,0.0,,,,
Chamadas_147,DecideTronco_Atender,9.404498253959598,complete,,,Atender,9.404498253959598,,
Chamadas_147,Atendimento,9.404498253959598,start,Troncos,0.0,,,,
Chamadas_147,Atendimento,10.814006062055949,complete,Troncos,0.0,,,,
Chamadas_147,Discharge,10.814006062055949,complete,,,,,,1.4095078080963503
Chamadas_148,Arrival,9.421821097653202,complete,,0.0,,,,
Chamadas_148,DecideTronco_Atender,9.421821097653202,complete,,,Atender,9.421821097653202,,
Chamadas_148,Atendimento,9.421821097653202,start,Troncos,0.0,,,,
Chamadas_148,Atendimento,9.861473644585393,complete,Troncos,0.0,,,,
Chamadas_148,Discharge,9.861473644585393,complete,,,,,,0.4396525469321908
Chamadas_149,Arrival,9.724658169375644,complete,,0.0,,,,
Chamadas_149,DecideTronco_Atender,9.724658169375644,complete,,,Atender,9.724658169375644,,
Chamadas_149,Atendimento,9.724658169375644,start,Troncos,0.0,,,,
Chamadas_149,Atendimento,11.755265222941148,complete,Troncos,0.0,,,,
Chamadas_149,Discharge,11.755265222941148,complete,,,,,,2.030607053565504
Chamadas_15,Arrival,0.8418819703475716,complete,,0.0,,,,
Chamadas_15,DecideTronco_Atender,0.8418819703475716,complete,,,Atender,0.8418819703475716,,
Chamadas_15,Atendimento,0.8418819703475716,start,Troncos,0.0,,,,
Chamadas_15,Atendimento,7.49364470624724,complete,Troncos,0.0,,,,
Chamadas_15,Discharge,7.49364470624724,complete,,,,,,6.651762735899668
Chamadas_150,Arrival,9.790411480111194,complete,,0.0,,,,
Chamadas_150,DecideTronco_Atender,9.790411480111194,complete,,,Atender,9.790411480111194,,
Chamadas_150,Atendimento,9.790411480111194,start,Troncos,0.0,,,,
Chamadas_151,Arrival,9.807986645023526,complete,,0.0,,,,
Chamadas_151,DecideTronco_Atender,9.807986645023526,complete,,,Atender,9.807986645023526,,
Chamadas_151,Atendimento,9.807986645023526,start,Troncos,0.0,,,,
Chamadas_151,Atendimento,10.426516228232328,complete,Troncos,0.0,,,,
Chamadas_151,Discharge,10.426516228232328,complete,,,,,,0.6185295832088027
Chamadas_152,Arrival,9.813400341110269,complete,,0.0,,,,
Chamadas_152,DecideTronco_Atender,9.813400341110269,complete,,,Atender,9.813400341110269,,
Chamadas_152,Atendimento,9.813400341110269,start,Troncos,0.0,,,,
Chamadas_152,Atendimento,9.831181590917312,complete,Troncos,0.0,,,,
Chamadas_152,Discharge,9.831181590917312,complete,,,,,,0.017781249807043764
Chamadas_153,Arrival,10.037591798915267,complete,,0.0,,,,
Chamadas_153,DecideTronco_Atender,10.037591798915267,complete,,,Atender,10.037591798915267,,
Chamadas_153,Atendimento,10.037591798915267,start,Troncos,0.0,,,,
Chamadas_153,Atendimento,11.29894771794998,complete,Troncos,0.0,,,,
Chamadas_153,Discharge,11.29894771794998,complete,,,,,,1.2613559190347132
Chamadas_154,Arrival,10.064703684619513,complete,,0.0,,,,
Chamadas_154,DecideTronco_Atender,10.064703684619513,complete,,,Atender,10.064703684619513,,
Chamadas_154,Atendimento,10.064703684619513,start,Troncos,0.0,,,,
Chamadas_154,Atendimento,10.58947276102176,complete,Troncos,0.0,,,,
Chamadas_154,Discharge,10.58947276102176,complete,,,,,,0.5247690764022472
Chamadas_155,Arrival,10.108277000269863,complete,,0.0,,,,
Chamadas_155,DecideTronco_Atender,10.108277000269863,complete,,,Atender,10.108277000269863,,
Chamadas_155,Atendimento,10.108277000269863,start,Troncos,0.0,,,,
Chamadas_155,Atendimento,10.12674631962375,complete,Troncos,0.0,,,,
Chamadas_155,Discharge,10.12674631962375,complete,,,,,,0.01846931935388696
Chamadas_156,Arrival,10.127856620481424,complete,,0.0,,,,
Chamadas_156,DecideTronco_Atender,10.127856620481424,complete,,,Atender,10.127856620481424,,
Chamadas_156,Atendimento,10.127856620481424,start,Troncos,0.0,,,,
Chamadas_156,Atendimento,10.523389052407845,complete,Troncos,0.0,,,,
Chamadas_156,Discharge,10.523389052407845,complete,,,,,,0.39553243192642107
Chamadas_157,Arrival,10.16773785836783,complete,,0.0,,,,
Chamadas_157,DecideTronco_Atender,10.16773785836783,complete,,,Atender,10.16773785836783,,
Chamadas_157,Atendimento,10.16773785836783,start,Troncos,0.0,,,,
Chamadas_157,Atendimento,10.477868866017694,complete,Troncos,0.0,,,,
Chamadas_157,Discharge,10.477868866017694,complete,,,,,,0.3101310076498631
Chamadas_158,Arrival,10.242708634716061,complete,,0.0,,,,
Chamadas_158,DecideTronco_Atender,10.242708634716061,complete,,,Atender,10.242708634716061,,
Chamadas_158,Atendimento,10.242708634716061,start,Troncos,0.0,,,,
Chamadas_158,Atendimento,11.361024697623261,complete,Troncos,0.0,,,,
Chamadas_158,Discharge,11.361024697623261,complete,,,,,,1.1183160629071995
Chamadas_159,Arrival,10.343058009695733,complete,,0.0,,,,
Chamadas_159,DecideTronco_Atender,10.343058009695733,complete,,,Atender,10.343058009695733,,
Chamadas_159,Atendimento,10.343058009695733,start,Troncos,0.0,,,,
Chamadas_159,Atendimento,13.95770066307886,complete,Troncos,0.0,,,,
Chamadas_159,Discharge,13.95770066307886,complete,,,,,,3.614642653383127
Chamadas_16,Arrival,1.0017874063629435,complete,,0.0,,,,
Chamadas_16,DecideTronco_Atender,1.0017874063629435,complete,,,Atender,1.0017874063629435,,
Chamadas_16,Atendimento,1.0017874063629435,start,Troncos,0.0,,,,
Chamadas_16,Atendimento,1.8696632759218281,complete,Troncos,0.0,,,,
Chamadas_16,Discharge,1.8696632759218281,complete,,,,,,0.8678758695588846
Chamadas_160,Arrival,10.374669310081597,complete,,0.0,,,,
Chamadas_160,DecideTronco_Atender,10.374669310081597,complete,,,Atender,10.374669310081597,,
Chamadas_160,Atendimento,10.374669310081597,start,Troncos,0.0,,,,
Chamadas_160,Atendimento,12.699535576245996,complete,Troncos,0.0,,,,
Chamadas_160,Discharge,12.699535576245996,complete,,,,,,2.324866266164399
Chamadas_161,Arrival,10.6136702283959,complete,,0.0,,,,
Chamadas_161,DecideTronco_Atender,10.6136702283959,complete,,,Atender,10.6136702283959,,
Chamadas_161,Atendimento,10.6136702283959,start,Troncos,0.0,,,,
Chamadas_161,Atendimento,18.697060582046912,complete,Troncos,0.0,,,,
Chamadas_161,Discharge,18.697060582046912,complete,,,,,,8.083390353651012
Chamadas_162,Arrival,10.696487501274737,complete,,0.0,,,,
Chamadas_162,DecideTronco_Atender,10.696487501274737,complete,,,Atender,10.696487501274737,,
Chamadas_162,Atendimento,10.696487501274737,start,Troncos,0.0,,,,
Chamadas_162,Atendimento,11.328280203708388,complete,Troncos,0.0,,,,
Chamadas_162,Discharge,11.328280203708388,complete,,,,,,0.6317927024336516
Chamadas_163,Arrival,10.700199390409482,complete,,0.0,,,,
Chamadas_163,DecideTronco_Atender,10.700199390409482,complete,,,Atender,10.700199390409482,,
Chamadas_163,Atendimento,10.700199390409482,start,Troncos,0.0,,,,
Chamadas_163,Atendimento,11.046983894566534,complete,Troncos,0.0,,,,
Chamadas_163,Discharge,11.046983894566534,complete,,,,,,0.34678450415705164
Chamadas_164,Arrival,10.745289417120283,complete,,0.0,,,,
Chamadas_164,DecideTronco_Atender,10.745289417120283,complete,,,Atender,10.745289417120283,,
Chamadas_164,Atendimento,10.745289417120283,start,Troncos,0.0,,,,
Chamadas_164,Atendimento,11.771314647026173,complete,Troncos,0.0,,,,
Chamadas_164,Discharge,11.771314647026173,complete,,,,,,1.0260252299058905
Chamadas_165,Arrival,10.795722200381501,complete,,0.0,,,,
Chamadas_165,DecideTronco_Atender,10.795722200381501,complete,,,Atender,10.795722200381501,,
Chamadas_165,Atendimento,10.795722200381501,start,Troncos,0.0,,,,
Chamadas_165,Atendimento,18.069928318923807,complete,Troncos,0.0,,,,
Chamadas_165,Discharge,18.069928318923807,complete,,,,,,7.274206118542306
Chamadas_166,Arrival,10.83860477728632,complete,,0.0,,,,
Chamadas_166,DecideTronco_Atender,10.83860477728632,complete,,,Atender,10.83860477728632,,
Chamadas_166,Atendimento,10.83860477728632,start,Troncos,0.0,,,,
Chamadas_166,Atendimento,11.032244217119747,complete,Troncos,0.0,,,,
Chamadas_166,Discharge,11.032244217119747,complete,,,,,,0.1936394398334258
Chamadas_167,Arrival,10.936290328914989,complete,,0.0,,,,
Chamadas_167,DecideTronco_Atender,10.936290328914989,complete,,,Atender,10.936290328914989,,
Chamadas_167,Atendimento,10.936290328914989,start,Troncos,0.0,,,,
Chamadas_167,Atendimento,13.838353081150487,complete,Troncos,0.0,,,,
Chamadas_167,Discharge,13.838353081150487,complete,,,,,,2.902062752235498
Chamadas_168,Arrival,10.96671671612221,complete,,0.0,,,,
Chamadas_168,DecideTronco_Atender,10.96671671612221,complete,,,Atender,10.96671671612221,,
Chamadas_168,Atendimento,10.96671671612221,start,Troncos,0.0,,,,
Chamadas_168,Atendimento,11.513408605911364,complete,Troncos,0.0,,,,
Chamadas_168,Discharge,11.513408605911364,complete,,,,,,0.5466918897891535
Chamadas_169,Arrival,11.018988727579684,complete,,0.0,,,,
Chamadas_169,DecideTronco_Atender,11.018988727579684,complete,,,Atender,11.018988727579684,,
Chamadas_169,Atendimento,11.018988727579684,start,Troncos,0.0,,,,
Chamadas_169,Atendimento,12.960337970419612,complete,Troncos,0.0,,,,
Chamadas_169,Discharge,12.960337970419612,complete,,,,,,1.9413492428399284
Chamadas_17,Arrival,1.0114348003006772,complete,,0.0,,,,
Chamadas_17,DecideTronco_Atender,1.0114348003006772,complete,,,Atender,1.0114348003006772,,
Chamadas_17,Atendimento,1.0114348003006772,start,Troncos,0.0,,,,
Chamadas_17,Atendimento,1.2414055833138236,complete,Troncos,0.0,,,,
Chamadas_17,Discharge,1.2414055833138236,complete,,,,,,0.22997078301314633
Chamadas_170,Arrival,11.026230608066648,complete,,0.0,,,,
Chamadas_170,DecideTronco_Atender,11.026230608066648,complete,,,Atender,11.026230608066648,,
Chamadas_170,Atendimento,11.026230608066648,start,Troncos,0.0,,,,
Chamadas_170,Atendimento,11.307661129326357,complete,Troncos,0.0,,,,
Chamadas_170,Discharge,11.307661129326357,complete,,,,,,0.28143052125970947
Chamadas_171,Arrival,11.091057552173098,complete,,0.0,,,,
Chamadas_171,DecideTronco_Atender,11.091057552173098,complete,,,Atender,11.091057552173098,,
Chamadas_171,Atendimento,11.091057552173098,start,Troncos,0.0,,,,
Chamadas_171,Atendimento,11.779028412847763,complete,Troncos,0.0,,,,
Chamadas_171,Discharge,11.779028412847763,complete,,,,,,0.6879708606746657
Chamadas_172,Arrival,11.142516941684242,complete,,0.0,,,,
Chamadas_172,DecideTronco_Atender,11.142516941684242,complete,,,Atender,11.142516941684242,,
Chamadas_172,Atendimento,11.142516941684242,start,Troncos,0.0,,,,
Chamadas_172,Atendimento,13.119079578184703,complete,Troncos,0.0,,,,
Chamadas_172,Discharge,13.119079578184703,complete,,,,,,1.9765626365004607
Chamadas_173,Arrival,11.322205381285896,complete,,0.0,,,,
Chamadas_173,DecideTronco_Atender,11.322205381285896,complete,,,Atender,11.322205381285896,,
Chamadas_173,Atendimento,11.322205381285896,start,Troncos,0.0,,,,
Chamadas_173,Atendimento,12.31437217980269,complete,Troncos,0.0,,,,
Chamadas_173,Discharge,12.31437217980269,complete,,,,,,0.992166798516795
Chamadas_174,Arrival,11.45367339381684,complete,,0.0,,,,
Chamadas_174,DecideTronco_Atender,11.45367339381684,complete,,,Atender,11.45367339381684,,
Chamadas_174,Atendimento,11.45367339381684,start,Troncos,0.0,,,,
Chamadas_174,Atendimento,12.377562414862464,complete,Troncos,0.0,,,,
Chamadas_174,Discharge,12.377562414862464,complete,,,,,,0.923889021045623
Chamadas_175,Arrival,11.492093116472658,complete,,0.0,,,,
Chamadas_175,DecideTronco_Atender,11.492093116472658,complete,,,Atender,11.492093116472658,,
Chamadas_175,Atendimento,11.492093116472658,start,Troncos,0.0,,,,
Chamadas_175,Atendimento,12.483099152649157,complete,Troncos,0.0,,,,
Chamadas_175,Discharge,12.483099152649157,complete,,,,,,0.9910060361764987
Chamadas_176,Arrival,11.586644238078671,complete,,0.0,,,,
Chamadas_176,DecideTronco_Atender,11.586644238078671,complete,,,Atender,11.586644238078671,,
Chamadas_176,Atendimento,11.586644238078671,start,Troncos,0.0,,,,
Chamadas_176,Atendimento,14.511802088929208,complete,Troncos,0.0,,,,
Chamadas_176,Discharge,14.511802088929208,complete,,,,,,2.925157850850537
Chamadas_177,Arrival,11.657732641051304,complete,,0.0,,,,
Chamadas_177,DecideTronco_Atender,11.657732641051304,complete,,,Atender,11.657732641051304,,
Chamadas_177,Atendimento,11.657732641051304,start,Troncos,0.0,,,,
Chamadas_177,Atendimento,12.827418613629757,complete,Troncos,0.0,,,,
Chamadas_177,Discharge,12.827418613629757,complete,,,,,,1.1696859725784527
Chamadas_178,Arrival,11.788530201101407,complete,,0.0,,,,
Chamadas_178,DecideTronco_Atender,11.788530201101407,complete,,,Atender,11.788530201101407,,
Chamadas_178,Atendimento,11.788530201101407,start,Troncos,0.0,,,,
Chamadas_178,Atendimento,13.163131256424132,complete,Troncos,0.0,,,,
Chamadas_178,Discharge,13.163131256424132,complete,,,,,,1.3746010553227244
Chamadas_179,Arrival,11.819238124851937,complete,,0.0,,,,
Chamadas_179,DecideTronco_Atender,11.819238124851937,complete,,,Atender,11.819238124851937,,
Chamadas_179,Atendimento,11.819238124851937,start,Troncos,0.0,,,,
Chamadas_179,Atendimento,14.516278528385833,complete,Troncos,0.0,,,,
Chamadas_179,Discharge,14.516278528385833,complete,,,,,,2.6970404035338955
Chamadas_18,Arrival,1.0325919922162397,complete,,0.0,,,,
Chamadas_18,DecideTronco_Atender,1.0325919922162397,complete,,,Atender,1.0325919922162397,,
Chamadas_18,Atendimento,1.0325919922162397,start,Troncos,0.0,,,,
Chamadas_18,Atendimento,2.168090642088917,complete,Troncos,0.0,,,,
Chamadas_18,Discharge,2.168090642088917,complete,,,,,,1.1354986498726773
Chamadas_180,Arrival,11.823713433907349,complete,,0.0,,,,
Chamadas_180,DecideTronco_Atender,11.823713433907349,complete,,,Atender,11.823713433907349,,
Chamadas_180,Atendimento,11.823713433907349,start,Troncos,0.0,,,,
Chamadas_180,Atendimento,12.297562392269874,complete,Troncos,0.0,,,,
Chamadas_180,Discharge,12.297562392269874,complete,,,,,,0.4738489583625256
Chamadas_181,Arrival,11.896940627473171,complete,,0.0,,,,
Chamadas_181,DecideTronco_Atender,11.896940627473171,complete,,,Atender,11.896940627473171,,
Chamadas_181,Atendimento,11.896940627473171,start,Troncos,0.0,,,,
Chamadas_181,Atendimento,12.46571552584333,complete,Troncos,0.0,,,,
Chamadas_181,Discharge,12.46571552584333,complete,,,,,,0.5687748983701582
Chamadas_182,Arrival,11.914216199989738,complete,,0.0,,,,
Chamadas_182,DecideTronco_Atender,11.914216199989738,complete,,,Atender,11.914216199989738,,
Chamadas_182,Atendimento,11.914216199989738,start,Troncos,0.0,,,,
Chamadas_182,Atendimento,14.676186351970372,complete,Troncos,0.0,,,,
Chamadas_182,Discharge,14.676186351970372,complete,,,,,,2.761970151980634
Chamadas_183,Arrival,11.924023426429715,complete,,0.0,,,,
Chamadas_183,DecideTronco_Atender,11.924023426429715,complete,,,Atender,11.924023426429715,,
Chamadas_183,Atendimento,11.924023426429715,start,Troncos,0.0,,,,
Chamadas_183,Atendimento,13.719736746899091,complete,Troncos,0.0,,,,
Chamadas_183,Discharge,13.719736746899091,complete,,,,,,1.7957133204693765
Chamadas_184,Arrival,12.09347303513734,complete,,0.0,,,,
Chamadas_184,DecideTronco_Atender,12.09347303513734,complete,,,Atender,12.09347303513734,,
Chamadas_184,Atendimento,12.09347303513734,start,Troncos,0.0,,,,
Chamadas_184,Atendimento,14.299525702509655,complete,Troncos,0.0,,,,
Chamadas_184,Discharge,14.299525702509655,complete,,,,,,2.2060526673723153
Chamadas_185,Arrival,12.175074377941304,complete,,0.0,,,,
Chamadas_185,DecideTronco_Atender,12.175074377941304,complete,,,Atender,12.175074377941304,,
Chamadas_185,Atendimento,12.175074377941304,start,Troncos,0.0,,,,
Chamadas_185,Atendimento,12.630815649688163,complete,Troncos,0.0,,,,
Chamadas_185,Discharge,12.630815649688163,complete,,,,,,0.4557412717468594
Chamadas_186,Arrival,12.193975628889193,complete,,0.0,,,,
Chamadas_186,DecideTronco_Atender,12.193975628889193,complete,,,Atender,12.193975628889193,,
Chamadas_186,Atendimento,12.193975628889193,start,Troncos,0.0,,,,
Chamadas_186,Atendimento,13.736475882350536,complete,Troncos,0.0,,,,
Chamadas_186,Discharge,13.736475882350536,complete,,,,,,1.542500253461343
Chamadas_187,Arrival,12.227108734186558,complete,,0.0,,,,
Chamadas_187,DecideTronco_Atender,12.227108734186558,complete,,,Atender,12.227108734186558,,
Chamadas_187,Atendimento,12.227108734186558,start,Troncos,0.0,,,,
Chamadas_187,Atendimento,14.589190855123894,complete,Troncos,0.0,,,,
Chamadas_187,Discharge,14.589190855123894,complete,,,,,,2.3620821209373357
Chamadas_188,Arrival,12.251940500776119,complete,,0.0,,,,
Chamadas_188,DecideTronco_Atender,12.251940500776119,complete,,,Atender,12.251940500776119,,
Chamadas_188,Atendimento,12.251940500776119,start,Troncos,0.0,,,,
Chamadas_188,Atendimento,13.137565005984975,complete,Troncos,0.0,,,,
Chamadas_188,Discharge,13.137565005984975,complete,,,,,,0.885624505208856
Chamadas_189,Arrival,12.373978783899199,complete,,0.0,,,,
Chamadas_189,DecideTronco_Atender,12.373978783899199,complete,,,Atender,12.373978783899199,,
Chamadas_189,Atendimento,12.373978783899199,start,Troncos,0.0,,,,
Chamadas_189,Atendimento,14.887088010655432,complete,Troncos,0.0,,,,
Chamadas_189,Discharge,14.887088010655432,complete,,,,,,2.5131092267562334
Chamadas_19,Arrival,1.0369022958397531,complete,,0.0,,,,
Chamadas_19,DecideTronco_Atender,1.0369022958397531,complete,,,Atender,1.0369022958397531,,
Chamadas_19,Atendimento,1.0369022958397531,start,Troncos,0.0,,,,
Chamadas_19,Atendimento,3.4065889506364444,complete,Troncos,0.0,,,,
Chamadas_19,Discharge,3.4065889506364444,complete,,,,,,2.3696866547966913
Chamadas_190,Arrival,12.441938494247077,complete,,0.0,,,,
Chamadas_190,DecideTronco_Atender,12.441938494247077,complete,,,Atender,12.441938494247077,,
Chamadas_190,Atendimento,12.441938494247077,start,Troncos,0.0,,,,
Chamadas_190,Atendimento,14.95815209268326,complete,Troncos,0.0,,,,
Chamadas_190,Discharge,14.95815209268326,complete,,,,,,2.516213598436183
Chamadas_191,Arrival,12.623521530947569,complete,,0.0,,,,
Chamadas_191,DecideTronco_Atender,12.623521530947569,complete,,,Atender,12.623521530947569,,
Chamadas_191,Atendimento,12.623521530947569,start,Troncos,0.0,,,,
Chamadas_191,Atendimento,13.423227298791835,complete,Troncos,0.0,,,,
Chamadas_191,Discharge,13.423227298791835,complete,,,,,,0.7997057678442658
Chamadas_192,Arrival,12.62507377342794,complete,,0.0,,,,
Chamadas_192,DecideTronco_Atender,12.62507377342794,complete,,,Atender,12.62507377342794,,
Chamadas_192,Atendimento,12.62507377342794,start,Troncos,0.0,,,,
Chamadas_192,Atendimento,15.333770212255697,complete,Troncos,0.0,,,,
Chamadas_192,Discharge,15.333770212255697,complete,,,,,,2.708696438827756
Chamadas_193,Arrival,12.634965898745094,complete,,0.0,,,,
Chamadas_193,DecideTronco_Atender,12.634965898745094,complete,,,Atender,12.634965898745094,,
Chamadas_193,Atendimento,12.634965898745094,start,Troncos,0.0,,,,
Chamadas_193,Atendimento,14.79324081621509,complete,Troncos,0.0,,,,
Chamadas_193,Discharge,14.79324081621509,complete,,,,,,2.1582749174699956
Chamadas_194,Arrival,12.653074723269873,complete,,0.0,,,,
Chamadas_194,DecideTronco_Atender,12.653074723269873,complete,,,Atender,12.653074723269873,,
Chamadas_194,Atendimento,12.653074723269873,start,Troncos,0.0,,,,
Chamadas_194,Atendimento,12.960943212313474,complete,Troncos,0.0,,,,
Chamadas_194,Discharge,12.960943212313474,complete,,,,,,0.3078684890436012
Chamadas_195,Arrival,12.6818983086569,complete,,0.0,,,,
Chamadas_195,DecideTronco_Atender,12.6818983086569,complete,,,Atender,12.6818983086569,,
Chamadas_195,Atendimento,12.6818983086569,start,Troncos,0.0,,,,
Chamadas_195,Atendimento,12.983307941691887,complete,Troncos,0.0,,,,
Chamadas_195,Discharge,12.983307941691887,complete,,,,,,0.3014096330349876
Chamadas_196,Arrival,12.721888711661967,complete,,0.0,,,,
Chamadas_196,DecideTronco_Atender,12.721888711661967,complete,,,Atender,12.721888711661967,,
Chamadas_196,Atendimento,12.721888711661967,start,Troncos,0.0,,,,
Chamadas_196,Atendimento,12.921471656819877,complete,Troncos,0.0,,,,
Chamadas_196,Discharge,12.921471656819877,complete,,,,,,0.19958294515791053
Chamadas_197,Arrival,12.858306713273983,complete,,0.0,,,,
Chamadas_197,DecideTronco_Atender,12.858306713273983,complete,,,Atender,12.858306713273983,,
Chamadas_197,Atendimento,12.858306713273983,start,Troncos,0.0,,,,
Chamadas_197,Atendimento,13.404710607871912,complete,Troncos,0.0,,,,
Chamadas_197,Discharge,13.404710607871912,complete,,,,,,0.5464038945979297
Chamadas_198,Arrival,12.889391040948741,complete,,0.0,,,,
Chamadas_198,DecideTronco_Dispose,12.889391040948741,complete,,,Dispose,12.889391040948741,,
Chamadas_198,Discharge,12.889391040948741,complete,,,,,,0.0
Chamadas_199,Arrival,13.05528824840924,complete,,0.0,,,,
Chamadas_199,DecideTronco_Atender,13.05528824840924,complete,,,Atender,13.05528824840924,,
Chamadas_199,Atendimento,13.05528824840924,start,Troncos,0.0,,,,
Chamadas_199,Atendimento,14.203760450441399,complete,Troncos,0.0,,,,
Chamadas_199,Discharge,14.203760450441399,complete,,,,,,1.148472202032158
Chamadas_2,Arrival,0.1578953807279247,complete,,0.0,,,,
Chamadas_2,DecideTronco_Atender,0.1578953807279247,complete,,,Atender,0.1578953807279247,,
Chamadas_2,Atendimento,0.1578953807279247,start,Troncos,0.0,,,,
Chamadas_2,Atendimento,0.9702152635126111,complete,Troncos,0.0,,,,
Chamadas_2,Discharge,0.9702152635126111,complete,,,,,,0.8123198827846865
Chamadas_20,Arrival,1.0374755006722447,complete,,0.0,,,,
Chamadas_20,DecideTronco_Atender,1.0374755006722447,complete,,,Atender,1.0374755006722447,,
Chamadas_20,Atendimento,1.0374755006722447,start,Troncos,0.0,,,,
Chamadas_20,Atendimento,2.3167290502730893,complete,Troncos,0.0,,,,
Chamadas_20,Discharge,2.3167290502730893,complete,,,,,,1.2792535496008446
Chamadas_200,Arrival,13.219064654078851,complete,,0.0,,,,
Chamadas_200,DecideTronco_Atender,13.219064654078851,complete,,,Atender,13.219064654078851,,
Chamadas_200,Atendimento,13.219064654078851,start,Troncos,0.0,,,,
Chamadas_200,Atendimento,13.240154565546154,complete,Troncos,0.0,,,,
Chamadas_200,Discharge,13.240154565546154,complete,,,,,,0.021089911467303324
Chamadas_201,Arrival,13.268463969878184,complete,,0.0,,,,
Chamadas_201,DecideTronco_Atender,13.268463969878184,complete,,,Atender,13.268463969878184,,
Chamadas_201,Atendimento,13.268463969878184,start,Troncos,0.0,,,,
Chamadas_201,Atendimento,19.40799203921105,complete,Troncos,0.0,,,,
Chamadas_201,Discharge,19.40799203921105,complete,,,,,,6.139528069332865
Chamadas_202,Arrival,13.486446572605443,complete,,0.0,,,,
Chamadas_202,DecideTronco_Atender,13.486446572605443,complete,,,Atender,13.486446572605443,,
Chamadas_202,Atendimento,13.486446572605443,start,Troncos,0.0,,,,
Chamadas_202,Atendimento,19.063786624933112,complete,Troncos,0.0,,,,
Chamadas_202,Discharge,19.063786624933112,complete,,,,,,5.577340052327669
Chamadas_203,Arrival,13.565850277272304,complete,,0.0,,,,
Chamadas_203,DecideTronco_Atender,13.565850277272304,complete,,,Atender,13.565850277272304,,
Chamadas_203,Atendimento,13.565850277272304,start,Troncos,0.0,,,,
Chamadas_203,Atendimento,15.757439540587356,complete,Troncos,0.0,,,,
Chamadas_203,Discharge,15.757439540587356,complete,,,,,,2.191589263315052
Chamadas_204,Arrival,13.587241668569755,complete,,0.0,,,,
Chamadas_204,DecideTronco_Atender,13.587241668569755,complete,,,Atender,13.587241668569755,,
Chamadas_204,Atendimento,13.587241668569755,start,Troncos,0.0,,,,
Chamadas_204,Atendimento,14.836682195907498,complete,Troncos,0.0,,,,
Chamadas_204,Discharge,14.836682195907498,complete,,,,,,1.2494405273377431
Chamadas_205,Arrival,13.69482084847916,complete,,0.0,,,,
Chamadas_205,DecideTronco_Atender,13.69482084847916,complete,,,Atender,13.69482084847916,,
Chamadas_205,Atendimento,13.69482084847916,start,Troncos,0.0,,,,
Chamadas_205,Atendimento,15.235317364999206,complete,Troncos,0.0,,,,
Chamadas_205,Discharge,15.235317364999206,complete,,,,,,1.5404965165200455
Chamadas_206,Arrival,13.704711255772764,complete,,0.0,,,,
Chamadas_206,DecideTronco_Atender,13.704711255772764,complete,,,Atender,13.704711255772764,,
Chamadas_206,Atendimento,13.704711255772764,start,Troncos,0.0,,,,
Chamadas_206,Atendimento,18.35405395921091,complete,Troncos,0.0,,,,
Chamadas_206,Discharge,18.35405395921091,complete,,,,,,4.649342703438144
Chamadas_207,Arrival,13.764941360524768,complete,,0.0,,,,
Chamadas_207,DecideTronco_Atender,13.764941360524768,complete,,,Atender,13.764941360524768,,
Chamadas_207,Atendimento,13.764941360524768,start,Troncos,0.0,,,,
Chamadas_207,Atendimento,15.853145444710924,complete,Troncos,0.0,,,,
Chamadas_207,Discharge,15.853145444710924,complete,,,,,,2.088204084186156
Chamadas_208,Arrival,13.787665640865805,complete,,0.0,,,,
Chamadas_208,DecideTronco_Atender,13.787665640865805,complete,,,Atender,13.787665640865805,,
Chamadas_208,Atendimento,13.787665640865805,start,Troncos,0.0,,,,
Chamadas_208,Atendimento,14.357904130251208,complete,Troncos,0.0,,,,
Chamadas_208,Discharge,14.357904130251208,complete,,,,,,0.5702384893854031
Chamadas_209,Arrival,13.812849252787476,complete,,0.0,,,,
Chamadas_209,DecideTronco_Atender,13.812849252787476,complete,,,Atender,13.812849252787476,,
Chamadas_209,Atendimento,13.812849252787476,start,Troncos,0.0,,,,
Chamadas_209,Atendimento,15.350394706287219,complete,Troncos,0.0,,,,
Chamadas_209,Discharge,15.350394706287219,complete,,,,,,1.5375454534997424
Chamadas_21,Arrival,1.0719996630698936,complete,,0.0,,,,
Chamadas_21,DecideTronco_Atender,1.0719996630698936,complete,,,Atender,1.0719996630698936,,
Chamadas_21,Atendimento,1.0719996630698936,start,Troncos,0.0,,,,
Chamadas_21,Atendimento,3.110463223502697,complete,Troncos,0.0,,,,
Chamadas_21,Discharge,3.110463223502697,complete,,,,,,2.0384635604328034
Chamadas_210,Arrival,13.84636467469303,complete,,0.0,,,,
Chamadas_210,DecideTronco_Atender,13.84636467469303,complete,,,Atender,13.84636467469303,,
Chamadas_210,Atendimento,13.84636467469303,start,Troncos,0.0,,,,
Chamadas_210,Atendimento,16.4888087378544,complete,Troncos,0.0,,,,
Chamadas_210,Discharge,16.4888087378544,complete,,,,,,2.642444063161369
Chamadas_211,Arrival,13.868366492324048,complete,,0.0,,,,
Chamadas_211,DecideTronco_Atender,13.868366492324048,complete,,,Atender,13.868366492324048,,
Chamadas_211,Atendimento,13.868366492324048,start,Troncos,0.0,,,,
Chamadas_211,Atendimento,14.167219657918643,complete,Troncos,0.0,,,,
Chamadas_211,Discharge,14.167219657918643,complete,,,,,,0.2988531655945952
Chamadas_212,Arrival,13.9545422846964,complete,,0.0,,,,
Chamadas_212,DecideTronco_Atender,13.9545422846964,complete,,,Atender,13.9545422846964,,
Chamadas_212,Atendimento,13.9545422846964,start,Troncos,0.0,,,,
Chamadas_212,Atendimento,15.190898984358077,complete,Troncos,0.0,,,,
Chamadas_212,Discharge,15.190898984358077,complete,,,,,,1.2363566996616768
Chamadas_213,Arrival,14.099344059123975,complete,,0.0,,,,
Chamadas_213,DecideTronco_Atender,14.099344059123975,complete,,,Atender,14.099344059123975,,
Chamadas_213,Atendimento,14.099344059123975,start,Troncos,0.0,,,,
Chamadas_213,Atendimento,15.994319867269079,complete,Troncos,0.0,,,,
Chamadas_213,Discharge,15.994319867269079,complete,,,,,,1.8949758081451034
Chamadas_214,Arrival,14.120706247588137,complete,,0.0,,,,
Chamadas_214,DecideTronco_Dispose,14.120706247588137,complete,,,Dispose,14.120706247588137,,
Chamadas_214,Discharge,14.120706247588137,complete,,,,,,0.0
Chamadas_215,Arrival,14.242295936191748,complete,,0.0,,,,
Chamadas_215,DecideTronco_Atender,14.242295936191748,complete,,,Atender,14.242295936191748,,
Chamadas_215,Atendimento,14.242295936191748,start,Troncos,0.0,,,,
Chamadas_215,Atendimento,15.72882608674962,complete,Troncos,0.0,,,,
Chamadas_215,Discharge,15.72882608674962,complete,,,,,,1.486530150557872
Chamadas_216,Arrival,14.497144234567628,complete,,0.0,,,,
Chamadas_216,DecideTronco_Atender,14.497144234567628,complete,,,Atender,14.497144234567628,,
Chamadas_216,Atendimento,14.497144234567628,start,Troncos,0.0,,,,
Chamadas_216,Atendimento,14.988649447490658,complete,Troncos,0.0,,,,
Chamadas_216,Discharge,14.988649447490658,complete,,,,,,0.4915052129230304
Chamadas_217,Arrival,14.571079620646877,complete,,0.0,,,,
Chamadas_217,DecideTronco_Atender,14.571079620646877,complete,,,Atender,14.571079620646877,,
Chamadas_217,Atendimento,14.571079620646877,start,Troncos,0.0,,,,
Chamadas_217,Atendimento,15.107864720852298,complete,Troncos,0.0,,,,
Chamadas_217,Discharge,15.107864720852298,complete,,,,,,0.5367851002054209
Chamadas_218,Arrival,14.584676122025504,complete,,0.0,,,,
Chamadas_218,DecideTronco_Atender,14.584676122025504,complete,,,Atender,14.584676122025504,,
Chamadas_218,Atendimento,14.584676122025504,start,Troncos,0.0,,,,
Chamadas_218,Atendimento,14.600312185000949,complete,Troncos,0.0,,,,
Chamadas_218,Discharge,14.600312185000949,complete,,,,,,0.015636062975444176
Chamadas_219,Arrival,14.785783095487593,complete,,0.0,,,,
Chamadas_219,DecideTronco_Atender,14.785783095487593,complete,,,Atender,14.785783095487593,,
Chamadas_219,Atendimento,14.785783095487593,start,Troncos,0.0,,,,
Chamadas_219,Atendimento,19.28559163459454,complete,Troncos,0.0,,,,
Chamadas_219,Discharge,19.28559163459454,complete,,,,,,4.499808539106946
Chamadas_22,Arrival,1.1646369597822415,complete,,0.0,,,,
Chamadas_22,DecideTronco_Atender,1.1646369597822415,complete,,,Atender,1.1646369597822415,,
Chamadas_22,Atendimento,1.1646369597822415,start,Troncos,0.0,,,,
Chamadas_22,Atendimento,3.694333718783775,complete,Troncos,0.0,,,,
Chamadas_22,Discharge,3.694333718783775,complete,,,,,,2.5296967590015336
Chamadas_220,Arrival,14.809505571523808,complete,,0.0,,,,
Chamadas_220,DecideTronco_Atender,14.809505571523808,complete,,,Atender,14.809505571523808,,
Chamadas_220,Atendimento,14.809505571523808,start,Troncos,0.0,,,,
Chamadas_220,Atendimento,18.50141055169233,complete,Troncos,0.0,,,,
Chamadas_220,Discharge,18.50141055169233,complete,,,,,,3.6919049801685233
Chamadas_221,Arrival,14.826552306149715,complete,,0.0,,,,
Chamadas_221,DecideTronco_Atender,14.826552306149715,complete,,,Atender,14.826552306149715,,
Chamadas_221,Atendimento,14.826552306149715,start,Troncos,0.0,,,,
Chamadas_221,Atendimento,17.5641682260086,complete,Troncos,0.0,,,,
Chamadas_221,Discharge,17.5641682260086,complete,,,,,,2.737615919858886
Chamadas_222,Arrival,14.836794549002732,complete,,0.0,,,,
Chamadas_222,DecideTronco_Atender,14.836794549002732,complete,,,Atender,14.836794549002732,,
Chamadas_222,Atendimento,14.836794549002732,start,Troncos,0.0,,,,
Chamadas_222,Atendimento,18.189348425347887,complete,Troncos,0.0,,,,
Chamadas_222,Discharge,18.189348425347887,complete,,,,,,3.352553876345155
Chamadas_223,Arrival,14.851123441866498,complete,,0.0,,,,
Chamadas_223,DecideTronco_Atender,14.851123441866498,complete,,,Atender,14.851123441866498,,
Chamadas_223,Atendimento,14.851123441866498,start,Troncos,0.0,,,,
Chamadas_223,Atendimento,16.46412031617703,complete,Troncos,0.0,,,,
Chamadas_223,Discharge,16.46412031617703,complete,,,,,,1.6129968743105323
Chamadas_224,Arrival,14.861783024712144,complete,,0.0,,,,
Chamadas_224,DecideTronco_Atender,14.861783024712144,complete,,,Atender,14.861783024712144,,
Chamadas_224,Atendimento,14.861783024712144,start,Troncos,0.0,,,,
Chamadas_224,Atendimento,14.983854529707333,complete,Troncos,0.0,,,,
Chamadas_224,Discharge,14.983854529707333,complete,,,,,,0.12207150499518882
Chamadas_225,Arrival,14.914701275954283,complete,,0.0,,,,
Chamadas_225,DecideTronco_Atender,14.914701275954283,complete,,,Atender,14.914701275954283,,
Chamadas_225,Atendimento,14.914701275954283,start,Troncos,0.0,,,,
Chamadas_225,Atendimento,18.552881204660917,complete,Troncos,0.0,,,,
Chamadas_225,Discharge,18.552881204660917,complete,,,,,,3.6381799287066343
Chamadas_226,Arrival,14.958185766416314,complete,,0.0,,,,
Chamadas_226,DecideTronco_Atender,14.958185766416314,complete,,,Atender,14.958185766416314,,
Chamadas_226,Atendimento,14.958185766416314,start,Troncos,0.0,,,,
Chamadas_226,Atendimento,17.32103060792641,complete,Troncos,0.0,,,,
Chamadas_226,Discharge,17.32103060792641,complete,,,,,,2.362844841510096
Chamadas_227,Arrival,14.994693208056892,complete,,0.0,,,,
Chamadas_227,DecideTronco_Atender,14.994693208056892,complete,,,Atender,14.994693208056892,,
Chamadas_227,Atendimento,14.994693208056892,start,Troncos,0.0,,,,
Chamadas_227,Atendimento,16.529787688878436,complete,Troncos,0.0,,,,
Chamadas_227,Discharge,16.529787688878436,complete,,,,,,1.5350944808215434
Chamadas_228,Arrival,15.061228512548844,complete,,0.0,,,,
Chamadas_228,DecideTronco_Atender,15.061228512548844,complete,,,Atender,15.061228512548844,,
Chamadas_228,Atendimento,15.061228512548844,start,Troncos,0.0,,,,
Chamadas_228,Atendimento,16.445676221456146,complete,Troncos,0.0,,,,
Chamadas_228,Discharge,16.445676221456146,complete,,,,,,1.3844477089073024
Chamadas_229,Arrival,15.073918448079151,complete,,0.0,,,,
Chamadas_229,DecideTronco_Atender,15.073918448079151,complete,,,Atender,15.073918448079151,,
Chamadas_229,Atendimento,15.073918448079151,start,Troncos,0.0,,,,
Chamadas_229,Atendimento,18.1431414583439,complete,Troncos,0.0,,,,
Chamadas_229,Discharge,18.1431414583439,complete,,,,,,3.06922301026475
Chamadas_23,Arrival,1.3977135048373885,complete,,0.0,,,,
Chamadas_23,DecideTronco_Atender,1.3977135048373885,complete,,,Atender,1.3977135048373885,,
Chamadas_23,Atendimento,1.3977135048373885,start,Troncos,0.0,,,,
Chamadas_23,Atendimento,2.940088263216195,complete,Troncos,0.0,,,,
Chamadas_23,Discharge,2.940088263216195,complete,,,,,,1.5423747583788063
Chamadas_230,Arrival,15.1082439884948,complete,,0.0,,,,
Chamadas_230,DecideTronco_Atender,15.1082439884948,complete,,,Atender,15.1082439884948,,
Chamadas_230,Atendimento,15.1082439884948,start,Troncos,0.0,,,,
Chamadas_230,Atendimento,15.619913343922565,complete,Troncos,0.0,,,,
Chamadas_230,Discharge,15.619913343922565,complete,,,,,,0.5116693554277649
Chamadas_231,Arrival,15.130402770342206,complete,,0.0,,,,
Chamadas_231,DecideTronco_Atender,15.130402770342206,complete,,,Atender,15.130402770342206,,
Chamadas_231,Atendimento,15.130402770342206,start,Troncos,0.0,,,,
Chamadas_231,Atendimento,19.541571982191098,complete,Troncos,0.0,,,,
Chamadas_231,Discharge,19.541571982191098,complete,,,,,,4.411169211848891
Chamadas_232,Arrival,15.188996231101479,complete,,0.0,,,,
Chamadas_232,DecideTronco_Dispose,15.188996231101479,complete,,,Dispose,15.188996231101479,,
Chamadas_232,Discharge,15.188996231101479,complete,,,,,,0.0
Chamadas_233,Arrival,15.219915163544359,complete,,0.0,,,,
Chamadas_233,DecideTronco_Atender,15.219915163544359,complete,,,Atender,15.219915163544359,,
Chamadas_233,Atendimento,15.219915163544359,start,Troncos,0.0,,,,
Chamadas_233,Atendimento,18.66266704707217,complete,Troncos,0.0,,,,
Chamadas_233,Discharge,18.66266704707217,complete,,,,,,3.4427518835278104
Chamadas_234,Arrival,15.254935205904895,complete,,0.0,,,,
Chamadas_234,DecideTronco_Atender,15.254935205904895,complete,,,Atender,15.254935205904895,,
Chamadas_234,Atendimento,15.254935205904895,start,Troncos,0.0,,,,
Chamadas_234,Atendimento,16.21590522479734,complete,Troncos,0.0,,,,
Chamadas_234,Discharge,16.21590522479734,complete,,,,,,0.9609700188924446
Chamadas_235,Arrival,15.461850129788337,complete,,0.0,,,,
Chamadas_235,DecideTronco_Atender,15.461850129788337,complete,,,Atender,15.461850129788337,,
Chamadas_235,Atendimento,15.461850129788337,start,Troncos,0.0,,,,
Chamadas_235,Atendimento,17.51360339053287,complete,Troncos,0.0,,,,
Chamadas_235,Discharge,17.51360339053287,complete,,,,,,2.051753260744535
Chamadas_236,Arrival,15.476531223972813,complete,,0.0,,,,
Chamadas_236,DecideTronco_Atender,15.476531223972813,complete,,,Atender,15.476531223972813,,
Chamadas_236,Atendimento,15.476531223972813,start,Troncos,0.0,,,,
Chamadas_236,Atendimento,15.857473190994268,complete,Troncos,0.0,,,,
Chamadas_236,Discharge,15.857473190994268,complete,,,,,,0.3809419670214549
Chamadas_237,Arrival,15.586931929636112,complete,,0.0,,,,
Chamadas_237,DecideTronco_Atender,15.586931929636112,complete,,,Atender,15.586931929636112,,
Chamadas_237,Atendimento,15.586931929636112,start,Troncos,0.0,,,,
Chamadas_237,Atendimento,16.334876949790946,complete,Troncos,0.0,,,,
Chamadas_237,Discharge,16.334876949790946,complete,,,,,,0.7479450201548339
Chamadas_238,Arrival,15.678603526954578,complete,,0.0,,,,
Chamadas_238,DecideTronco_Atender,15.678603526954578,complete,,,Atender,15.678603526954578,,
Chamadas_238,Atendimento,15.678603526954578,start,Troncos,0.0,,,,
Chamadas_239,Arrival,15.748575786373694,complete,,0.0,,,,
Chamadas_239,DecideTronco_Atender,15.748575786373694,complete,,,Atender,15.748575786373694,,
Chamadas_239,Atendimento,15.748575786373694,start,Troncos,0.0,,,,
Chamadas_24,Arrival,1.5384610000844197,complete,,0.0,,,,
Chamadas_24,DecideTronco_Atender,1.5384610000844197,complete,,,Atender,1.5384610000844197,,
Chamadas_24,Atendimento,1.5384610000844197,start,Troncos,0.0,,,,
Chamadas_24,Atendimento,4.531867037428996,complete,Troncos,0.0,,,,
Chamadas_24,Discharge,4.531867037428996,complete,,,,,,2.9934060373445766
Chamadas_240,Arrival,15.781298699418945,complete,,0.0,,,,
Chamadas_240,DecideTronco_Atender,15.781298699418945,complete,,,Atender,15.781298699418945,,
Chamadas_240,Atendimento,15.781298699418945,start,Troncos,0.0,,,,
Chamadas_240,Atendimento,19.601046326544214,complete,Troncos,0.0,,,,
Chamadas_240,Discharge,19.601046326544214,complete,,,,,,3.8197476271252686
Chamadas_241,Arrival,15.811367720872699,complete,,0.0,,,,
Chamadas_241,DecideTronco_Atender,15.811367720872699,complete,,,Atender,15.811367720872699,,
Chamadas_241,Atendimento,15.811367720872699,start,Troncos,0.0,,,,
Chamadas_241,Atendimento,17.92204933503522,complete,Troncos,0.0,,,,
Chamadas_241,Discharge,17.92204933503522,complete,,,,,,2.1106816141625195
Chamadas_242,Arrival,15.811722059250418,complete,,0.0,,,,
Chamadas_242,DecideTronco_Atender,15.811722059250418,complete,,,Atender,15.811722059250418,,
Chamadas_242,Atendimento,15.811722059250418,start,Troncos,0.0,,,,
Chamadas_242,Atendimento,17.59080687069321,complete,Troncos,0.0,,,,
Chamadas_242,Discharge,17.59080687069321,complete,,,,,,1.779084811442793
Chamadas_243,Arrival,15.991752341456918,complete,,0.0,,,,
Chamadas_243,DecideTronco_Atender,15.991752341456918,complete,,,Atender,15.991752341456918,,
Chamadas_243,Atendimento,15.991752341456918,start,Troncos,0.0,,,,
Chamadas_243,Atendimento,16.660331886500334,complete,Troncos,0.0,,,,
Chamadas_243,Discharge,16.660331886500334,complete,,,,,,0.668579545043416
Chamadas_244,Arrival,16.39724862045609,complete,,0.0,,,,
Chamadas_244,DecideTronco_Atender,16.39724862045609,complete,,,Atender,16.39724862045609,,
Chamadas_244,Atendimento,16.39724862045609,start,Troncos,0.0,,,,
Chamadas_245,Arrival,16.449171415238904,complete,,0.0,,,,
Chamadas_245,DecideTronco_Atender,16.449171415238904,complete,,,Atender,16.449171415238904,,
Chamadas_245,Atendimento,16.449171415238904,start,Troncos,0.0,,,,
Chamadas_245,Atendimento,17.267729225654826,complete,Troncos,0.0,,,,
Chamadas_245,Discharge,17.267729225654826,complete,,,,,,0.8185578104159212
Chamadas_246,Arrival,16.49788464040636,complete,,0.0,,,,
Chamadas_246,DecideTronco_Atender,16.49788464040636,complete,,,Atender,16.49788464040636,,
Chamadas_246,Atendimento,16.49788464040636,start,Troncos,0.0,,,,
Chamadas_246,Atendimento,17.062344905944016,complete,Troncos,0.0,,,,
Chamadas_246,Discharge,17.062344905944016,complete,,,,,,0.5644602655376545
Chamadas_247,Arrival,16.514020466270278,complete,,0.0,,,,
Chamadas_247,DecideTronco_Atender,16.514020466270278,complete,,,Atender,16.514020466270278,,
Chamadas_247,Atendimento,16.514020466270278,start,Troncos,0.0,,,,
Chamadas_247,Atendimento,16.62159102545641,complete,Troncos,0.0,,,,
Chamadas_247,Discharge,16.62159102545641,complete,,,,,,0.1075705591861329
Chamadas_248,Arrival,16.52636020584872,complete,,0.0,,,,
Chamadas_248,DecideTronco_Atender,16.52636020584872,complete,,,Atender,16.52636020584872,,
Chamadas_248,Atendimento,16.52636020584872,start,Troncos,0.0,,,,
Chamadas_248,Atendimento,17.83762069053462,complete,Troncos,0.0,,,,
Chamadas_248,Discharge,17.83762069053462,complete,,,,,,1.3112604846858993
Chamadas_249,Arrival,16.553871421866454,complete,,0.0,,,,
Chamadas_249,DecideTronco_Atender,16.553871421866454,complete,,,Atender,16.553871421866454,,
Chamadas_249,Atendimento,16.553871421866454,start,Troncos,0.0,,,,
Chamadas_249,Atendimento,17.459323364895607,complete,Troncos,0.0,,,,
Chamadas_249,Discharge,17.459323364895607,complete,,,,,,0.9054519430291528
Chamadas_25,Arrival,1.5489934757884223,complete,,0.0,,,,
Chamadas_25,DecideTronco_Atender,1.5489934757884223,complete,,,Atender,1.5489934757884223,,
Chamadas_25,Atendimento,1.5489934757884223,start,Troncos,0.0,,,,
Chamadas_25,Atendimento,3.004899288525897,complete,Troncos,0.0,,,,
Chamadas_25,Discharge,3.004899288525897,complete,,,,,,1.4559058127374747
Chamadas_250,Arrival,16.583202392598785,complete,,0.0,,,,
Chamadas_250,DecideTronco_Atender,16.583202392598785,complete,,,Atender,16.583202392598785,,
Chamadas_250,Atendimento,16.583202392598785,start,Troncos,0.0,,,,
Chamadas_250,Atendimento,18.818792321053945,complete,Troncos,0.0,,,,
Chamadas_250,Discharge,18.818792321053945,complete,,,,,,2.235589928455159
Chamadas_251,Arrival,16.64401873052536,complete,,0.0,,,,
Chamadas_251,DecideTronco_Atender,16.64401873052536,complete,,,Atender,16.64401873052536,,
Chamadas_251,Atendimento,16.64401873052536,start,Troncos,0.0,,,,
Chamadas_251,Atendimento,17.459451567280055,complete,Troncos,0.0,,,,
Chamadas_251,Discharge,17.459451567280055,complete,,,,,,0.8154328367546952
Chamadas_252,Arrival,16.895693551255324,complete,,0.0,,,,
Chamadas_252,DecideTronco_Atender,16.895693551255324,complete,,,Atender,16.895693551255324,,
Chamadas_252,Atendimento,16.895693551255324,start,Troncos,0.0,,,,
Chamadas_252,Atendimento,18.54352895331042,complete,Troncos,0.0,,,,
Chamadas_252,Discharge,18.54352895331042,complete,,,,,,1.6478354020550974
Chamadas_253,Arrival,16.93833238732628,complete,,0.0,,,,
Chamadas_253,DecideTronco_Atender,16.93833238732628,complete,,,Atender,16.93833238732628,,
Chamadas_253,Atendimento,16.93833238732628,start,Troncos,0.0,,,,
Chamadas_253,Atendimento,18.297251409317223,complete,Troncos,0.0,,,,
Chamadas_253,Discharge,18.297251409317223,complete,,,,,,1.3589190219909426
Chamadas_254,Arrival,16.99485255765184,complete,,0.0,,,,
Chamadas_254,DecideTronco_Dispose,16.99485255765184,complete,,,Dispose,16.99485255765184,,
Chamadas_254,Discharge,16.99485255765184,complete,,,,,,0.0
Chamadas_255,Arrival,17.058262645761282,complete,,0.0,,,,
Chamadas_255,DecideTronco_Dispose,17.058262645761282,complete,,,Dispose,17.058262645761282,,
Chamadas_255,Discharge,17.058262645761282,complete,,,,,,0.0
Chamadas_256,Arrival,17.087559352224606,complete,,0.0,,,,
Chamadas_256,DecideTronco_Atender,17.087559352224606,complete,,,Atender,17.087559352224606,,
Chamadas_256,Atendimento,17.087559352224606,start,Troncos,0.0,,,,
Chamadas_256,Atendimento,17.77620647161688,complete,Troncos,0.0,,,,
Chamadas_256,Discharge,17.77620647161688,complete,,,,,,0.6886471193922752
Chamadas_257,Arrival,17.239198356510805,complete,,0.0,,,,
Chamadas_257,DecideTronco_Dispose,17.239198356510805,complete,,,Dispose,17.239198356510805,,
Chamadas_257,Discharge,17.239198356510805,complete,,,,,,0.0
Chamadas_258,Arrival,17.404952890021093,complete,,0.0,,,,
Chamadas_258,DecideTronco_Atender,17.404952890021093,complete,,,Atender,17.404952890021093,,
Chamadas_258,Atendimento,17.404952890021093,start,Troncos,0.0,,,,
Chamadas_259,Arrival,17.479612583800492,complete,,0.0,,,,
Chamadas_259,DecideTronco_Atender,17.479612583800492,complete,,,Atender,17.479612583800492,,
Chamadas_259,Atendimento,17.479612583800492,start,Troncos,0.0,,,,
Chamadas_26,Arrival,1.581865658553929,complete,,0.0,,,,
Chamadas_26,DecideTronco_Atender,1.581865658553929,complete,,,Atender,1.581865658553929,,
Chamadas_26,Atendimento,1.581865658553929,start,Troncos,0.0,,,,
Chamadas_26,Atendimento,1.709995223224646,complete,Troncos,0.0,,,,
Chamadas_26,Discharge,1.709995223224646,complete,,,,,,0.128129564670717
Chamadas_260,Arrival,17.552739297239764,complete,,0.0,,,,
Chamadas_260,DecideTronco_Atender,17.552739297239764,complete,,,Atender,17.552739297239764,,
Chamadas_260,Atendimento,17.552739297239764,start,Troncos,0.0,,,,
Chamadas_260,Atendimento,17.948563039337106,complete,Troncos,0.0,,,,
Chamadas_260,Discharge,17.948563039337106,complete,,,,,,0.39582374209734184
Chamadas_261,Arrival,17.570937708656217,complete,,0.0,,,,
Chamadas_261,DecideTronco_Atender,17.570937708656217,complete,,,Atender,17.570937708656217,,
Chamadas_261,Atendimento,17.570937708656217,start,Troncos,0.0,,,,
Chamadas_261,Atendimento,18.134724113491433,complete,Troncos,0.0,,,,
Chamadas_261,Discharge,18.134724113491433,complete,,,,,,0.5637864048352164
Chamadas_262,Arrival,17.773127969613526,complete,,0.0,,,,
Chamadas_262,DecideTronco_Atender,17.773127969613526,complete,,,Atender,17.773127969613526,,
Chamadas_262,Atendimento,17.773127969613526,start,Troncos,0.0,,,,
Chamadas_262,Atendimento,18.180081770822365,complete,Troncos,0.0,,,,
Chamadas_262,Discharge,18.180081770822365,complete,,,,,,0.4069538012088394
Chamadas_263,Arrival,17.927551052643675,complete,,0.0,,,,
Chamadas_263,DecideTronco_Atender,17.927551052643675,complete,,,Atender,17.927551052643675,,
Chamadas_263,Atendimento,17.927551052643675,start,Troncos,0.0,,,,
Chamadas_263,Atendimento,17.963312669828046,complete,Troncos,0.0,,,,
Chamadas_263,Discharge,17.963312669828046,complete,,,,,,0.03576161718437021
Chamadas_264,Arrival,17.93202103251254,complete,,0.0,,,,
Chamadas_264,DecideTronco_Atender,17.93202103251254,complete,,,Atender,17.93202103251254,,
Chamadas_264,Atendimento,17.93202103251254,start,Troncos,0.0,,,,
Chamadas_265,Arrival,18.019597760289166,complete,,0.0,,,,
Chamadas_265,DecideTronco_Atender,18.019597760289166,complete,,,Atender,18.019597760289166,,
Chamadas_265,Atendimento,18.019597760289166,start,Troncos,0.0,,,,
Chamadas_265,Atendimento,19.00593351305139,complete,Troncos,0.0,,,,
Chamadas_265,Discharge,19.00593351305139,complete,,,,,,0.9863357527622227
Chamadas_266,Arrival,18.03688338963772,complete,,0.0,,,,
Chamadas_266,DecideTronco_Atender,18.03688338963772,complete,,,Atender,18.03688338963772,,
Chamadas_266,Atendimento,18.03688338963772,start,Troncos,0.0,,,,
Chamadas_267,Arrival,18.159262108628244,complete,,0.0,,,,
Chamadas_267,DecideTronco_Atender,18.159262108628244,complete,,,Atender,18.159262108628244,,
Chamadas_267,Atendimento,18.159262108628244,start,Troncos,0.0,,,,
Chamadas_268,Arrival,18.184149946057964,complete,,0.0,,,,
Chamadas_268,DecideTronco_Atender,18.184149946057964,complete,,,Atender,18.184149946057964,,
Chamadas_268,Atendimento,18.184149946057964,start,Troncos,0.0,,,,
Chamadas_268,Atendimento,19.05260424581603,complete,Troncos,0.0,,,,
Chamadas_268,Discharge,19.05260424581603,complete,,,,,,0.8684542997580671
Chamadas_269,Arrival,18.22092620962606,complete,,0.0,,,,
Chamadas_269,DecideTronco_Atender,18.22092620962606,complete,,,Atender,18.22092620962606,,
Chamadas_269,Atendimento,18.22092620962606,start,Troncos,0.0,,,,
Chamadas_269,Atendimento,18.3936567319746,complete,Troncos,0.0,,,,
Chamadas_269,Discharge,18.3936567319746,complete,,,,,,0.17273052234853736
Chamadas_27,Arrival,1.6480802826639298,complete,,0.0,,,,
Chamadas_27,DecideTronco_Atender,1.6480802826639298,complete,,,Atender,1.6480802826639298,,
Chamadas_27,Atendimento,1.6480802826639298,start,Troncos,0.0,,,,
Chamadas_27,Atendimento,5.745163409832954,complete,Troncos,0.0,,,,
Chamadas_27,Discharge,5.745163409832954,complete,,,,,,4.097083127169024
Chamadas_270,Arrival,18.31435927808379,complete,,0.0,,,,
Chamadas_270,DecideTronco_Atender,18.31435927808379,complete,,,Atender,18.31435927808379,,
Chamadas_270,Atendimento,18.31435927808379,start,Troncos,0.0,,,,
Chamadas_270,Atendimento,18.47277150039522,complete,Troncos,0.0,,,,
Chamadas_270,Discharge,18.47277150039522,complete,,,,,,0.15841222231142993
Chamadas_271,Arrival,18.339779431272962,complete,,0.0,,,,
Chamadas_271,DecideTronco_Atender,18.339779431272962,complete,,,Atender,18.339779431272962,,
Chamadas_271,Atendimento,18.339779431272962,start,Troncos,0.0,,,,
Chamadas_272,Arrival,18.36785555234181,complete,,0.0,,,,
Chamadas_272,DecideTronco_Atender,18.36785555234181,complete,,,Atender,18.36785555234181,,
Chamadas_272,Atendimento,18.36785555234181,start,Troncos,0.0,,,,
Chamadas_273,Arrival,18.389981910339433,complete,,0.0,,,,
Chamadas_273,DecideTronco_Atender,18.389981910339433,complete,,,Atender,18.389981910339433,,
Chamadas_273,Atendimento,18.389981910339433,start,Troncos,0.0,,,,
Chamadas_274,Arrival,18.434075287762703,complete,,0.0,,,,
Chamadas_274,DecideTronco_Atender,18.434075287762703,complete,,,Atender,18.434075287762703,,
Chamadas_274,Atendimento,18.434075287762703,start,Troncos,0.0,,,,
Chamadas_275,Arrival,18.449161315645306,complete,,0.0,,,,
Chamadas_275,DecideTronco_Atender,18.449161315645306,complete,,,Atender,18.449161315645306,,
Chamadas_275,Atendimento,18.449161315645306,start,Troncos,0.0,,,,
Chamadas_276,Arrival,18.506195607708833,complete,,0.0,,,,
Chamadas_276,DecideTronco_Atender,18.506195607708833,complete,,,Atender,18.506195607708833,,
Chamadas_276,Atendimento,18.506195607708833,start,Troncos,0.0,,,,
Chamadas_276,Atendimento,19.52088002769569,complete,Troncos,0.0,,,,
Chamadas_276,Discharge,19.52088002769569,complete,,,,,,1.0146844199868568
Chamadas_277,Arrival,18.51046345783722,complete,,0.0,,,,
Chamadas_277,DecideTronco_Atender,18.51046345783722,complete,,,Atender,18.51046345783722,,
Chamadas_277,Atendimento,18.51046345783722,start,Troncos,0.0,,,,
Chamadas_278,Arrival,18.520211578526098,complete,,0.0,,,,
Chamadas_278,DecideTronco_Atender,18.520211578526098,complete,,,Atender,18.520211578526098,,
Chamadas_278,Atendimento,18.520211578526098,start,Troncos,0.0,,,,
Chamadas_279,Arrival,18.591878038746906,complete,,0.0,,,,
Chamadas_279,DecideTronco_Atender,18.591878038746906,complete,,,Atender,18.591878038746906,,
Chamadas_279,Atendimento,18.591878038746906,start,Troncos,0.0,,,,
Chamadas_279,Atendimento,19.331252638565935,complete,Troncos,0.0,,,,
Chamadas_279,Discharge,19.331252638565935,complete,,,,,,0.7393745998190298
Chamadas_28,Arrival,1.6578270018033534,complete,,0.0,,,,
Chamadas_28,DecideTronco_Atender,1.6578270018033534,complete,,,Atender,1.6578270018033534,,
Chamadas_28,Atendimento,1.6578270018033534,start,Troncos,0.0,,,,
Chamadas_28,Atendimento,2.382080211026076,complete,Troncos,0.0,,,,
Chamadas_28,Discharge,2.382080211026076,complete,,,,,,0.7242532092227225
Chamadas_280,Arrival,18.654579733496714,complete,,0.0,,,,
Chamadas_280,DecideTronco_Atender,18.654579733496714,complete,,,Atender,18.654579733496714,,
Chamadas_280,Atendimento,18.654579733496714,start,Troncos,0.0,,,,
Chamadas_280,Atendimento,18.957000035394973,complete,Troncos,0.0,,,,
Chamadas_280,Discharge,18.957000035394973,complete,,,,,,0.30242030189825897
Chamadas_281,Arrival,18.67051220202838,complete,,0.0,,,,
Chamadas_281,DecideTronco_Atender,18.67051220202838,complete,,,Atender,18.67051220202838,,
Chamadas_281,Atendimento,18.67051220202838,start,Troncos,0.0,,,,
Chamadas_281,Atendimento,18.932098731711715,complete,Troncos,0.0,,,,
Chamadas_281,Discharge,18.932098731711715,complete,,,,,,0.26158652968333485
Chamadas_282,Arrival,18.78743030404322,complete,,0.0,,,,
Chamadas_282,DecideTronco_Atender,18.78743030404322,complete,,,Atender,18.78743030404322,,
Chamadas_282,Atendimento,18.78743030404322,start,Troncos,0.0,,,,
Chamadas_283,Arrival,18.79105411704334,complete,,0.0,,,,
Chamadas_283,DecideTronco_Atender,18.79105411704334,complete,,,Atender,18.79105411704334,,
Chamadas_283,Atendimento,18.79105411704334,start,Troncos,0.0,,,,
Chamadas_283,Atendimento,19.907966929869986,complete,Troncos,0.0,,,,
Chamadas_283,Discharge,19.907966929869986,complete,,,,,,1.1169128128266443
Chamadas_284,Arrival,18.86091255808792,complete,,0.0,,,,
Chamadas_284,DecideTronco_Atender,18.86091255808792,complete,,,Atender,18.86091255808792,,
Chamadas_284,Atendimento,18.86091255808792,start,Troncos,0.0,,,,
Chamadas_285,Arrival,18.937753132716885,complete,,0.0,,,,
Chamadas_285,DecideTronco_Atender,18.937753132716885,complete,,,Atender,18.937753132716885,,
Chamadas_285,Atendimento,18.937753132716885,start,Troncos,0.0,,,,
Chamadas_286,Arrival,18.9952966157673,complete,,0.0,,,,
Chamadas_286,DecideTronco_Atender,18.9952966157673,complete,,,Atender,18.9952966157673,,
Chamadas_286,Atendimento,18.9952966157673,start,Troncos,0.0,,,,
Chamadas_286,Atendimento,19.342739317157154,complete,Troncos,0.0,,,,
Chamadas_286,Discharge,19.342739317157154,complete,,,,,,0.347442701389852
Chamadas_287,Arrival,18.99870016355956,complete,,0.0,,,,
Chamadas_287,DecideTronco_Dispose,18.99870016355956,complete,,,Dispose,18.99870016355956,,
Chamadas_287,Discharge,18.99870016355956,complete,,,,,,0.0
Chamadas_288,Arrival,19.026659927082786,complete,,0.0,,,,
Chamadas_288,DecideTronco_Atender,19.026659927082786,complete,,,Atender,19.026659927082786,,
Chamadas_288,Atendimento,19.026659927082786,start,Troncos,0.0,,,,
Chamadas_289,Arrival,19.292556809587282,complete,,0.0,,,,
Chamadas_289,DecideTronco_Atender,19.292556809587282,complete,,,Atender,19.292556809587282,,
Chamadas_289,Atendimento,19.292556809587282,start,Troncos,0.0,,,,
Chamadas_29,Arrival,1.747674106767046,complete,,0.0,,,,
Chamadas_29,DecideTronco_Atender,1.747674106767046,complete,,,Atender,1.747674106767046,,
Chamadas_29,Atendimento,1.747674106767046,start,Troncos,0.0,,,,
Chamadas_29,Atendimento,2.0432164132914816,complete,Troncos,0.0,,,,
Chamadas_29,Discharge,2.0432164132914816,complete,,,,,,0.2955423065244356
Chamadas_290,Arrival,19.377165714063686,complete,,0.0,,,,
Chamadas_290,DecideTronco_Atender,19.377165714063686,complete,,,Atender,19.377165714063686,,
Chamadas_290,Atendimento,19.377165714063686,start,Troncos,0.0,,,,
Chamadas_290,Atendimento,19.882853936740222,complete,Troncos,0.0,,,,
Chamadas_290,Discharge,19.882853936740222,complete,,,,,,0.505688222676536
Chamadas_291,Arrival,19.445857566926755,complete,,0.0,,,,
Chamadas_291,DecideTronco_Atender,19.445857566926755,complete,,,Atender,19.445857566926755,,
Chamadas_291,Atendimento,19.445857566926755,start,Troncos,0.0,,,,
Chamadas_291,Atendimento,19.52917079273679,complete,Troncos,0.0,,,,
Chamadas_291,Discharge,19.52917079273679,complete,,,,,,0.0833132258100342
Chamadas_292,Arrival,19.615707382727404,complete,,0.0,,,,
Chamadas_292,DecideTronco_Atender,19.615707382727404,complete,,,Atender,19.615707382727404,,
Chamadas_292,Atendimento,19.615707382727404,start,Troncos,0.0,,,,
Chamadas_293,Arrival,19.73905755623333,complete,,0.0,,,,
Chamadas_293,DecideTronco_Atender,19.73905755623333,complete,,,Atender,19.73905755623333,,
Chamadas_293,Atendimento,19.73905755623333,start,Troncos,0.0,,,,
Chamadas_294,Arrival,19.84446699035563,complete,,0.0,,,,
Chamadas_294,DecideTronco_Atender,19.84446699035563,complete,,,Atender,19.84446699035563,,
Chamadas_294,Atendimento,19.84446699035563,start,Troncos,0.0,,,,
Chamadas_295,Arrival,19.938202822394597,complete,,0.0,,,,
Chamadas_295,DecideTronco_Atender,19.938202822394597,complete,,,Atender,19.938202822394597,,
Chamadas_295,Atendimento,19.938202822394597,start,Troncos,0.0,,,,
Chamadas_296,Arrival,19.99337175587988,complete,,0.0,,,,
Chamadas_296,DecideTronco_Atender,19.99337175587988,complete,,,Atender,19.99337175587988,,
Chamadas_296,Atendimento,19.99337175587988,start,Troncos,0.0,,,,
Chamadas_3,Arrival,0.2853039433670954,complete,,0.0,,,,
Chamadas_3,DecideTronco_Atender,0.2853039433670954,complete,,,Atender,0.2853039433670954,,
Chamadas_3,Atendimento,0.2853039433670954,start,Troncos,0.0,,,,
Chamadas_3,Atendimento,0.4301807475258711,complete,Troncos,0.0,,,,
Chamadas_3,Discharge,0.4301807475258711,complete,,,,,,0.14487680415877568
Chamadas_30,Arrival,1.7968266925424206,complete,,0.0,,,,
Chamadas_30,DecideTronco_Atender,1.7968266925424206,complete,,,Atender,1.7968266925424206,,
Chamadas_30,Atendimento,1.7968266925424206,start,Troncos,0.0,,,,
Chamadas_30,Atendimento,6.274799973623898,complete,Troncos,0.0,,,,
Chamadas_30,Discharge,6.274799973623898,complete,,,,,,4.477973281081477
Chamadas_31,Arrival,1.8430528413382472,complete,,0.0,,,,
Chamadas_31,DecideTronco_Atender,1.8430528413382472,complete,,,Atender,1.8430528413382472,,
Chamadas_31,Atendimento,1.8430528413382472,start,Troncos,0.0,,,,
Chamadas_31,Atendimento,2.2975368465042223,complete,Troncos,0.0,,,,
Chamadas_31,Discharge,2.2975368465042223,complete,,,,,,0.4544840051659751
Chamadas_32,Arrival,1.8707620381549546,complete,,0.0,,,,
Chamadas_32,DecideTronco_Atender,1.8707620381549546,complete,,,Atender,1.8707620381549546,,
Chamadas_32,Atendimento,1.8707620381549546,start,Troncos,0.0,,,,
Chamadas_32,Atendimento,2.3157978935541133,complete,Troncos,0.0,,,,
Chamadas_32,Discharge,2.3157978935541133,complete,,,,,,0.4450358553991587
Chamadas_33,Arrival,2.0564196094906255,complete,,0.0,,,,
Chamadas_33,DecideTronco_Atender,2.0564196094906255,complete,,,Atender,2.0564196094906255,,
Chamadas_33,Atendimento,2.0564196094906255,start,Troncos,0.0,,,,
Chamadas_33,Atendimento,5.367586787585611,complete,Troncos,0.0,,,,
Chamadas_33,Discharge,5.367586787585611,complete,,,,,,3.3111671780949856
Chamadas_34,Arrival,2.0842363197511435,complete,,0.0,,,,
Chamadas_34,DecideTronco_Atender,2.0842363197511435,complete,,,Atender,2.0842363197511435,,
Chamadas_34,Atendimento,2.0842363197511435,start,Troncos,0.0,,,,
Chamadas_34,Atendimento,4.707057850689893,complete,Troncos,0.0,,,,
Chamadas_34,Discharge,4.707057850689893,complete,,,,,,2.622821530938749
Chamadas_35,Arrival,2.135167207363037,complete,,0.0,,,,
Chamadas_35,DecideTronco_Atender,2.135167207363037,complete,,,Atender,2.135167207363037,,
Chamadas_35,Atendimento,2.135167207363037,start,Troncos,0.0,,,,
Chamadas_35,Atendimento,3.860402573802455,complete,Troncos,0.0,,,,
Chamadas_35,Discharge,3.860402573802455,complete,,,,,,1.725235366439418
Chamadas_36,Arrival,2.23519248966596,complete,,0.0,,,,
Chamadas_36,DecideTronco_Atender,2.23519248966596,complete,,,Atender,2.23519248966596,,
Chamadas_36,Atendimento,2.23519248966596,start,Troncos,0.0,,,,
Chamadas_36,Atendimento,4.2497183051524665,complete,Troncos,0.0,,,,
Chamadas_36,Discharge,4.2497183051524665,complete,,,,,,2.0145258154865067
Chamadas_37,Arrival,2.2521122115206027,complete,,0.0,,,,
Chamadas_37,DecideTronco_Atender,2.2521122115206027,complete,,,Atender,2.2521122115206027,,
Chamadas_37,Atendimento,2.2521122115206027,start,Troncos,0.0,,,,
Chamadas_37,Atendimento,3.616425492433083,complete,Troncos,0.0,,,,
Chamadas_37,Discharge,3.616425492433083,complete,,,,,,1.3643132809124805
Chamadas_38,Arrival,2.404473267686646,complete,,0.0,,,,
Chamadas_38,DecideTronco_Atender,2.404473267686646,complete,,,Atender,2.404473267686646,,
Chamadas_38,Atendimento,2.404473267686646,start,Troncos,0.0,,,,
Chamadas_38,Atendimento,9.969134986015307,complete,Troncos,0.0,,,,
Chamadas_38,Discharge,9.969134986015307,complete,,,,,,7.5646617183286615
Chamadas_39,Arrival,2.49789071114466,complete,,0.0,,,,
Chamadas_39,DecideTronco_Atender,2.49789071114466,complete,,,Atender,2.49789071114466,,
Chamadas_39,Atendimento,2.49789071114466,start,Troncos,0.0,,,,
Chamadas_39,Atendimento,6.034262576767675,complete,Troncos,0.0,,,,
Chamadas_39,Discharge,6.034262576767675,complete,,,,,,3.5363718656230154
Chamadas_4,Arrival,0.3235166195336541,complete,,0.0,,,,
Chamadas_4,DecideTronco_Atender,0.3235166195336541,complete,,,Atender,0.3235166195336541,,
Chamadas_4,Atendimento,0.3235166195336541,start,Troncos,0.0,,,,
Chamadas_4,Atendimento,0.5182231856044353,complete,Troncos,0.0,,,,
Chamadas_4,Discharge,0.5182231856044353,complete,,,,,,0.19470656607078113
Chamadas_40,Arrival,2.5021891683972095,complete,,0.0,,,,
Chamadas_40,DecideTronco_Atender,2.5021891683972095,complete,,,Atender,2.5021891683972095,,
Chamadas_40,Atendimento,2.5021891683972095,start,Troncos,0.0,,,,
Chamadas_40,Atendimento,7.5961663635250405,complete,Troncos,0.0,,,,
Chamadas_40,Discharge,7.5961663635250405,complete,,,,,,5.093977195127831
Chamadas_41,Arrival,2.5150041581749365,complete,,0.0,,,,
Chamadas_41,DecideTronco_Atender,2.5150041581749365,complete,,,Atender,2.5150041581749365,,
Chamadas_41,Atendimento,2.5150041581749365,start,Troncos,0.0,,,,
Chamadas_41,Atendimento,3.292910562057309,complete,Troncos,0.0,,,,
Chamadas_41,Discharge,3.292910562057309,complete,,,,,,0.7779064038823726
Chamadas_42,Arrival,2.5237028884078843,complete,,0.0,,,,
Chamadas_42,DecideTronco_Atender,2.5237028884078843,complete,,,Atender,2.5237028884078843,,
Chamadas_42,Atendimento,2.5237028884078843,start,Troncos,0.0,,,,
Chamadas_42,Atendimento,2.7510840148082507,complete,Troncos,0.0,,,,
Chamadas_42,Discharge,2.7510840148082507,complete,,,,,,0.22738112640036645
Chamadas_43,Arrival,2.7161268059831767,complete,,0.0,,,,
Chamadas_43,DecideTronco_Atender,2.7161268059831767,complete,,,Atender,2.7161268059831767,,
Chamadas_43,Atendimento,2.7161268059831767,start,Troncos,0.0,,,,
Chamadas_43,Atendimento,4.797771364906807,complete,Troncos,0.0,,,,
Chamadas_43,Discharge,4.797771364906807,complete,,,,,,2.0816445589236303
Chamadas_44,Arrival,2.772941073294532,complete,,0.0,,,,
Chamadas_44,DecideTronco_Atender,2.772941073294532,complete,,,Atender,2.772941073294532,,
Chamadas_44,Atendimento,2.772941073294532,start,Troncos,0.0,,,,
Chamadas_44,Atendimento,4.163222652785967,complete,Troncos,0.0,,,,
Chamadas_44,Discharge,4.163222652785967,complete,,,,,,1.3902815794914347
Chamadas_45,Arrival,2.8294419931327197,complete,,0.0,,,,
Chamadas_45,DecideTronco_Atender,2.8294419931327197,complete,,,Atender,2.8294419931327197,,
Chamadas_45,Atendimento,2.8294419931327197,start,Troncos,0.0,,,,
Chamadas_45,Atendimento,3.2317312038454116,complete,Troncos,0.0,,,,
Chamadas_45,Discharge,3.2317312038454116,complete,,,,,,0.40228921071269186
Chamadas_46,Arrival,2.9866930636317646,complete,,0.0,,,,
Chamadas_46,DecideTronco_Atender,2.9866930636317646,complete,,,Atender,2.9866930636317646,,
Chamadas_46,Atendimento,2.9866930636317646,start,Troncos,0.0,,,,
Chamadas_46,Atendimento,15.554855567455188,complete,Troncos,0.0,,,,
Chamadas_46,Discharge,15.554855567455188,complete,,,,,,12.568162503823423
Chamadas_47,Arrival,3.0749175023722617,complete,,0.0,,,,
Chamadas_47,DecideTronco_Atender,3.0749175023722617,complete,,,Atender,3.0749175023722617,,
Chamadas_47,Atendimento,3.0749175023722617,start,Troncos,0.0,,,,
Chamadas_47,Atendimento,4.319945742792554,complete,Troncos,0.0,,,,
Chamadas_47,Discharge,4.319945742792554,complete,,,,,,1.2450282404202926
Chamadas_48,Arrival,3.2230045611758076,complete,,0.0,,,,
Chamadas_48,DecideTronco_Atender,3.2230045611758076,complete,,,Atender,3.2230045611758076,,
Chamadas_48,Atendimento,3.2230045611758076,start,Troncos,0.0,,,,
Chamadas_48,Atendimento,11.18291849418275,complete,Troncos,0.0,,,,
Chamadas_48,Discharge,11.18291849418275,complete,,,,,,7.959913933006943
Chamadas_49,Arrival,3.3222403796804856,complete,,0.0,,,,
Chamadas_49,DecideTronco_Atender,3.3222403796804856,complete,,,Atender,3.3222403796804856,,
Chamadas_49,Atendimento,3.3222403796804856,start,Troncos,0.0,,,,
Chamadas_49,Atendimento,4.695814035828546,complete,Troncos,0.0,,,,
Chamadas_49,Discharge,4.695814035828546,complete,,,,,,1.3735736561480603
Chamadas_5,Arrival,0.3487837328632771,complete,,0.0,,,,
Chamadas_5,DecideTronco_Atender,0.3487837328632771,complete,,,Atender,0.3487837328632771,,
Chamadas_5,Atendimento,0.3487837328632771,start,Troncos,0.0,,,,
Chamadas_5,Atendimento,5.190407519094125,complete,Troncos,0.0,,,,
Chamadas_5,Discharge,5.190407519094125,complete,,,,,,4.841623786230848
Chamadas_50,Arrival,3.3581038068349893,complete,,0.0,,,,
Chamadas_50,DecideTronco_Atender,3.3581038068349893,complete,,,Atender,3.3581038068349893,,
Chamadas_50,Atendimento,3.3581038068349893,start,Troncos,0.0,,,,
Chamadas_50,Atendimento,6.244736586843004,complete,Troncos,0.0,,,,
Chamadas_50,Discharge,6.244736586843004,complete,,,,,,2.8866327800080147
Chamadas_51,Arrival,3.370106979587195,complete,,0.0,,,,
Chamadas_51,DecideTronco_Atender,3.370106979587195,complete,,,Atender,3.370106979587195,,
Chamadas_51,Atendimento,3.370106979587195,start,Troncos,0.0,,,,
Chamadas_51,Atendimento,7.385066905215853,complete,Troncos,0.0,,,,
Chamadas_51,Discharge,7.385066905215853,complete,,,,,,4.0149599256286574
Chamadas_52,Arrival,3.544496545342532,complete,,0.0,,,,
Chamadas_52,DecideTronco_Atender,3.544496545342532,complete,,,Atender,3.544496545342532,,
Chamadas_52,Atendimento,3.544496545342532,start,Troncos,0.0,,,,
Chamadas_52,Atendimento,4.199559429784864,complete,Troncos,0.0,,,,
Chamadas_52,Discharge,4.199559429784864,complete,,,,,,0.6550628844423323
Chamadas_53,Arrival,3.550942260433433,complete,,0.0,,,,
Chamadas_53,DecideTronco_Atender,3.550942260433433,complete,,,Atender,3.550942260433433,,
Chamadas_53,Atendimento,3.550942260433433,start,Troncos,0.0,,,,
Chamadas_53,Atendimento,9.157607493457537,complete,Troncos,0.0,,,,
Chamadas_53,Discharge,9.157607493457537,complete,,,,,,5.606665233024104
Chamadas_54,Arrival,3.5654278791787286,complete,,0.0,,,,
Chamadas_54,DecideTronco_Atender,3.5654278791787286,complete,,,Atender,3.5654278791787286,,
Chamadas_54,Atendimento,3.5654278791787286,start,Troncos,0.0,,,,
Chamadas_54,Atendimento,5.253403556672792,complete,Troncos,0.0,,,,
Chamadas_54,Discharge,5.253403556672792,complete,,,,,,1.6879756774940633
Chamadas_55,Arrival,3.600199306925051,complete,,0.0,,,,
Chamadas_55,DecideTronco_Atender,3.600199306925051,complete,,,Atender,3.600199306925051,,
Chamadas_55,Atendimento,3.600199306925051,start,Troncos,0.0,,,,
Chamadas_55,Atendimento,4.959551201293981,complete,Troncos,0.0,,,,
Chamadas_55,Discharge,4.959551201293981,complete,,,,,,1.3593518943689298
Chamadas_56,Arrival,3.6958132436425832,complete,,0.0,,,,
Chamadas_56,DecideTronco_Atender,3.6958132436425832,complete,,,Atender,3.6958132436425832,,
Chamadas_56,Atendimento,3.6958132436425832,start,Troncos,0.0,,,,
Chamadas_56,Atendimento,3.717846432529133,complete,Troncos,0.0,,,,
Chamadas_56,Discharge,3.717846432529133,complete,,,,,,0.022033188886549926
Chamadas_57,Arrival,3.856360827656964,complete,,0.0,,,,
Chamadas_57,DecideTronco_Atender,3.856360827656964,complete,,,Atender,3.856360827656964,,
Chamadas_57,Atendimento,3.856360827656964,start,Troncos,0.0,,,,
Chamadas_57,Atendimento,8.082460013623066,complete,Troncos,0.0,,,,
Chamadas_57,Discharge,8.082460013623066,complete,,,,,,4.226099185966103
Chamadas_58,Arrival,3.859210312636641,complete,,0.0,,,,
Chamadas_58,DecideTronco_Atender,3.859210312636641,complete,,,Atender,3.859210312636641,,
Chamadas_58,Atendimento,3.859210312636641,start,Troncos,0.0,,,,
Chamadas_58,Atendimento,4.098398521706627,complete,Troncos,0.0,,,,
Chamadas_58,Discharge,4.098398521706627,complete,,,,,,0.23918820906998572
Chamadas_59,Arrival,3.8973506576795356,complete,,0.0,,,,
Chamadas_59,DecideTronco_Atender,3.8973506576795356,complete,,,Atender,3.8973506576795356,,
Chamadas_59,Atendimento,3.8973506576795356,start,Troncos,0.0,,,,
Chamadas_59,Atendimento,4.229163919999393,complete,Troncos,0.0,,,,
Chamadas_59,Discharge,4.229163919999393,complete,,,,,,0.3318132623198573
Chamadas_6,Arrival,0.3590074154040551,complete,,0.0,,,,
Chamadas_6,DecideTronco_Atender,0.3590074154040551,complete,,,Atender,0.3590074154040551,,
Chamadas_6,Atendimento,0.3590074154040551,start,Troncos,0.0,,,,
Chamadas_6,Atendimento,3.2879062632636438,complete,Troncos,0.0,,,,
Chamadas_6,Discharge,3.2879062632636438,complete,,,,,,2.9288988478595885
Chamadas_60,Arrival,3.913235410239709,complete,,0.0,,,,
Chamadas_60,DecideTronco_Atender,3.913235410239709,complete,,,Atender,3.913235410239709,,
Chamadas_60,Atendimento,3.913235410239709,start,Troncos,0.0,,,,
Chamadas_60,Atendimento,5.053690431534279,complete,Troncos,0.0,,,,
Chamadas_60,Discharge,5.053690431534279,complete,,,,,,1.1404550212945699
Chamadas_61,Arrival,3.930222547771403,complete,,0.0,,,,
Chamadas_61,DecideTronco_Atender,3.930222547771403,complete,,,Atender,3.930222547771403,,
Chamadas_61,Atendimento,3.930222547771403,start,Troncos,0.0,,,,
Chamadas_61,Atendimento,5.304287881682267,complete,Troncos,0.0,,,,
Chamadas_61,Discharge,5.304287881682267,complete,,,,,,1.3740653339108642
Chamadas_62,Arrival,3.9850281810514785,complete,,0.0,,,,
Chamadas_62,DecideTronco_Atender,3.9850281810514785,complete,,,Atender,3.9850281810514785,,
Chamadas_62,Atendimento,3.9850281810514785,start,Troncos,0.0,,,,
Chamadas_62,Atendimento,8.860175780518993,complete,Troncos,0.0,,,,
Chamadas_62,Discharge,8.860175780518993,complete,,,,,,4.875147599467515
Chamadas_63,Arrival,3.987930072276574,complete,,0.0,,,,
Chamadas_63,DecideTronco_Dispose,3.987930072276574,complete,,,Dispose,3.987930072276574,,
Chamadas_63,Discharge,3.987930072276574,complete,,,,,,0.0
Chamadas_64,Arrival,3.9969067819903636,complete,,0.0,,,,
Chamadas_64,DecideTronco_Dispose,3.9969067819903636,complete,,,Dispose,3.9969067819903636,,
Chamadas_64,Discharge,3.9969067819903636,complete,,,,,,0.0
Chamadas_65,Arrival,4.050407861198757,complete,,0.0,,,,
Chamadas_65,DecideTronco_Dispose,4.050407861198757,complete,,,Dispose,4.050407861198757,,
Chamadas_65,Discharge,4.050407861198757,complete,,,,,,0.0
Chamadas_66,Arrival,4.073123897700279,complete,,0.0,,,,
Chamadas_66,DecideTronco_Dispose,4.073123897700279,complete,,,Dispose,4.073123897700279,,
Chamadas_66,Discharge,4.073123897700279,complete,,,,,,0.0
Chamadas_67,Arrival,4.0805735057766785,complete,,0.0,,,,
Chamadas_67,DecideTronco_Dispose,4.0805735057766785,complete,,,Dispose,4.0805735057766785,,
Chamadas_67,Discharge,4.0805735057766785,complete,,,,,,0.0
Chamadas_68,Arrival,4.140474021017792,complete,,0.0,,,,
Chamadas_68,DecideTronco_Atender,4.140474021017792,complete,,,Atender,4.140474021017792,,
Chamadas_68,Atendimento,4.140474021017792,start,Troncos,0.0,,,,
Chamadas_68,Atendimento,7.952892731453311,complete,Troncos,0.0,,,,
Chamadas_68,Discharge,7.952892731453311,complete,,,,,,3.8124187104355185
Chamadas_69,Arrival,4.15368755346401,complete,,0.0,,,,
Chamadas_69,DecideTronco_Dispose,4.15368755346401,complete,,,Dispose,4.15368755346401,,
Chamadas_69,Discharge,4.15368755346401,complete,,,,,,0.0
Chamadas_7,Arrival,0.41580257719743596,complete,,0.0,,,,
Chamadas_7,DecideTronco_Atender,0.41580257719743596,complete,,,Atender,0.41580257719743596,,
Chamadas_7,Atendimento,0.41580257719743596,start,Troncos,0.0,,,,
Chamadas_7,Atendimento,2.293399490067369,complete,Troncos,0.0,,,,
Chamadas_7,Discharge,2.293399490067369,complete,,,,,,1.877596912869933
Chamadas_70,Arrival,4.154042851731626,complete,,0.0,,,,
Chamadas_70,DecideTronco_Dispose,4.154042851731626,complete,,,Dispose,4.154042851731626,,
Chamadas_70,Discharge,4.154042851731626,complete,,,,,,0.0
Chamadas_71,Arrival,4.15623111574753,complete,,0.0,,,,
Chamadas_71,DecideTronco_Dispose,4.15623111574753,complete,,,Dispose,4.15623111574753,,
Chamadas_71,Discharge,4.15623111574753,complete,,,,,,0.0
Chamadas_72,Arrival,4.340496875591256,complete,,0.0,,,,
Chamadas_72,DecideTronco_Atender,4.340496875591256,complete,,,Atender,4.340496875591256,,
Chamadas_72,Atendimento,4.340496875591256,start,Troncos,0.0,,,,
Chamadas_72,Atendimento,5.133652122405213,complete,Troncos,0.0,,,,
Chamadas_72,Discharge,5.133652122405213,complete,,,,,,0.7931552468139564
Chamadas_73,Arrival,4.41472889529576,complete,,0.0,,,,
Chamadas_73,DecideTronco_Atender,4.41472889529576,complete,,,Atender,4.41472889529576,,
Chamadas_73,Atendimento,4.41472889529576,start,Troncos,0.0,,,,
Chamadas_73,Atendimento,4.53413365167024,complete,Troncos,0.0,,,,
Chamadas_73,Discharge,4.53413365167024,complete,,,,,,0.11940475637447978
Chamadas_74,Arrival,4.448863047826769,complete,,0.0,,,,
Chamadas_74,DecideTronco_Atender,4.448863047826769,complete,,,Atender,4.448863047826769,,
Chamadas_74,Atendimento,4.448863047826769,start,Troncos,0.0,,,,
Chamadas_74,Atendimento,4.7161873707884086,complete,Troncos,0.0,,,,
Chamadas_74,Discharge,4.7161873707884086,complete,,,,,,0.26732432296164
Chamadas_75,Arrival,4.453315326956256,complete,,0.0,,,,
Chamadas_75,DecideTronco_Atender,4.453315326956256,complete,,,Atender,4.453315326956256,,
Chamadas_75,Atendimento,4.453315326956256,start,Troncos,0.0,,,,
Chamadas_75,Atendimento,7.370363135813339,complete,Troncos,0.0,,,,
Chamadas_75,Discharge,7.370363135813339,complete,,,,,,2.917047808857083
Chamadas_76,Arrival,4.558196682111272,complete,,0.0,,,,
Chamadas_76,DecideTronco_Atender,4.558196682111272,complete,,,Atender,4.558196682111272,,
Chamadas_76,Atendimento,4.558196682111272,start,Troncos,0.0,,,,
Chamadas_76,Atendimento,8.306347039965287,complete,Troncos,0.0,,,,
Chamadas_76,Discharge,8.306347039965287,complete,,,,,,3.7481503578540147
Chamadas_77,Arrival,4.835755476836032,complete,,0.0,,,,
Chamadas_77,DecideTronco_Atender,4.835755476836032,complete,,,Atender,4.835755476836032,,
Chamadas_77,Atendimento,4.835755476836032,start,Troncos,0.0,,,,
Chamadas_77,Atendimento,6.01231458176556,complete,Troncos,0.0,,,,
Chamadas_77,Discharge,6.01231458176556,complete,,,,,,1.1765591049295283
Chamadas_78,Arrival,4.841305912650142,complete,,0.0,,,,
Chamadas_78,DecideTronco_Atender,4.841305912650142,complete,,,Atender,4.841305912650142,,
Chamadas_78,Atendimento,4.841305912650142,start,Troncos,0.0,,,,
Chamadas_78,Atendimento,5.284409194508936,complete,Troncos,0.0,,,,
Chamadas_78,Discharge,5.284409194508936,complete,,,,,,0.4431032818587939
Chamadas_79,Arrival,4.8486729175161285,complete,,0.0,,,,
Chamadas_79,DecideTronco_Atender,4.8486729175161285,complete,,,Atender,4.8486729175161285,,
Chamadas_79,Atendimento,4.8486729175161285,start,Troncos,0.0,,,,
Chamadas_79,Atendimento,5.735839343213722,complete,Troncos,0.0,,,,
Chamadas_79,Discharge,5.735839343213722,complete,,,,,,0.8871664256975933
Chamadas_8,Arrival,0.4438542402038995,complete,,0.0,,,,
Chamadas_8,DecideTronco_Atender,0.4438542402038995,complete,,,Atender,0.4438542402038995,,
Chamadas_8,Atendimento,0.4438542402038995,start,Troncos,0.0,,,,
Chamadas_8,Atendimento,1.8818188802178208,complete,Troncos,0.0,,,,
Chamadas_8,Discharge,1.8818188802178208,complete,,,,,,1.4379646400139214
Chamadas_80,Arrival,4.9158461973237015,complete,,0.0,,,,
Chamadas_80,DecideTronco_Atender,4.9158461973237015,complete,,,Atender,4.9158461973237015,,
Chamadas_80,Atendimento,4.9158461973237015,start,Troncos,0.0,,,,
Chamadas_80,Atendimento,4.970002502246277,complete,Troncos,0.0,,,,
Chamadas_80,Discharge,4.970002502246277,complete,,,,,,0.05415630492257506
Chamadas_81,Arrival,5.0631897070722625,complete,,0.0,,,,
Chamadas_81,DecideTronco_Atender,5.0631897070722625,complete,,,Atender,5.0631897070722625,,
Chamadas_81,Atendimento,5.0631897070722625,start,Troncos,0.0,,,,
Chamadas_81,Atendimento,5.693845384669258,complete,Troncos,0.0,,,,
Chamadas_81,Discharge,5.693845384669258,complete,,,,,,0.6306556775969954
Chamadas_82,Arrival,5.070274014820085,complete,,0.0,,,,
Chamadas_82,DecideTronco_Atender,5.070274014820085,complete,,,Atender,5.070274014820085,,
Chamadas_82,Atendimento,5.070274014820085,start,Troncos,0.0,,,,
Chamadas_82,Atendimento,5.658616359250026,complete,Troncos,0.0,,,,
Chamadas_82,Discharge,5.658616359250026,complete,,,,,,0.5883423444299405
Chamadas_83,Arrival,5.219121668352558,complete,,0.0,,,,
Chamadas_83,DecideTronco_Atender,5.219121668352558,complete,,,Atender,5.219121668352558,,
Chamadas_83,Atendimento,5.219121668352558,start,Troncos,0.0,,,,
Chamadas_83,Atendimento,12.60981606436663,complete,Troncos,0.0,,,,
Chamadas_83,Discharge,12.60981606436663,complete,,,,,,7.390694396014072
Chamadas_84,Arrival,5.272908410601857,complete,,0.0,,,,
Chamadas_84,DecideTronco_Atender,5.272908410601857,complete,,,Atender,5.272908410601857,,
Chamadas_84,Atendimento,5.272908410601857,start,Troncos,0.0,,,,
Chamadas_84,Atendimento,6.430788305459231,complete,Troncos,0.0,,,,
Chamadas_84,Discharge,6.430788305459231,complete,,,,,,1.1578798948573743
Chamadas_85,Arrival,5.340646569439497,complete,,0.0,,,,
Chamadas_85,DecideTronco_Atender,5.340646569439497,complete,,,Atender,5.340646569439497,,
Chamadas_85,Atendimento,5.340646569439497,start,Troncos,0.0,,,,
Chamadas_85,Atendimento,9.66276836976133,complete,Troncos,0.0,,,,
Chamadas_85,Discharge,9.66276836976133,complete,,,,,,4.322121800321834
Chamadas_86,Arrival,5.437861225440421,complete,,0.0,,,,
Chamadas_86,DecideTronco_Atender,5.437861225440421,complete,,,Atender,5.437861225440421,,
Chamadas_86,Atendimento,5.437861225440421,start,Troncos,0.0,,,,
Chamadas_86,Atendimento,5.908434804900004,complete,Troncos,0.0,,,,
Chamadas_86,Discharge,5.908434804900004,complete,,,,,,0.47057357945958334
Chamadas_87,Arrival,5.552284888456082,complete,,0.0,,,,
Chamadas_87,DecideTronco_Atender,5.552284888456082,complete,,,Atender,5.552284888456082,,
Chamadas_87,Atendimento,5.552284888456082,start,Troncos,0.0,,,,
Chamadas_87,Atendimento,9.30919624466527,complete,Troncos,0.0,,,,
Chamadas_87,Discharge,9.30919624466527,complete,,,,,,3.756911356209187
Chamadas_88,Arrival,5.717226960856691,complete,,0.0,,,,
Chamadas_88,DecideTronco_Atender,5.717226960856691,complete,,,Atender,5.717226960856691,,
Chamadas_88,Atendimento,5.717226960856691,start,Troncos,0.0,,,,
Chamadas_88,Atendimento,8.850306703875262,complete,Troncos,0.0,,,,
Chamadas_88,Discharge,8.850306703875262,complete,,,,,,3.1330797430185706
Chamadas_89,Arrival,5.834603883088723,complete,,0.0,,,,
Chamadas_89,DecideTronco_Atender,5.834603883088723,complete,,,Atender,5.834603883088723,,
Chamadas_89,Atendimento,5.834603883088723,start,Troncos,0.0,,,,
Chamadas_89,Atendimento,8.902210474028472,complete,Troncos,0.0,,,,
Chamadas_89,Discharge,8.902210474028472,complete,,,,,,3.067606590939749
Chamadas_9,Arrival,0.46910228542714594,complete,,0.0,,,,
Chamadas_9,DecideTronco_Atender,0.46910228542714594,complete,,,Atender,0.46910228542714594,,
Chamadas_9,Atendimento,0.46910228542714594,start,Troncos,0.0,,,,
Chamadas_9,Atendimento,4.885445106854321,complete,Troncos,0.0,,,,
Chamadas_9,Discharge,4.885445106854321,complete,,,,,,4.4163428214271745
Chamadas_90,Arrival,5.848487167650186,complete,,0.0,,,,
Chamadas_90,DecideTronco_Atender,5.848487167650186,complete,,,Atender,5.848487167650186,,
Chamadas_90,Atendimento,5.848487167650186,start,Troncos,0.0,,,,
Chamadas_90,Atendimento,6.519110996917676,complete,Troncos,0.0,,,,
Chamadas_90,Discharge,6.519110996917676,complete,,,,,,0.6706238292674902
Chamadas_91,Arrival,5.876008449166333,complete,,0.0,,,,
Chamadas_91,DecideTronco_Atender,5.876008449166333,complete,,,Atender,5.876008449166333,,
Chamadas_91,Atendimento,5.876008449166333,start,Troncos,0.0,,,,
Chamadas_91,Atendimento,6.9748713762282915,complete,Troncos,0.0,,,,
Chamadas_91,Discharge,6.9748713762282915,complete,,,,,,1.0988629270619583
Chamadas_92,Arrival,6.092585111685476,complete,,0.0,,,,
Chamadas_92,DecideTronco_Atender,6.092585111685476,complete,,,Atender,6.092585111685476,,
Chamadas_92,Atendimento,6.092585111685476,start,Troncos,0.0,,,,
Chamadas_92,Atendimento,7.777476469461397,complete,Troncos,0.0,,,,
Chamadas_92,Discharge,7.777476469461397,complete,,,,,,1.6848913577759213
Chamadas_93,Arrival,6.09690410641379,complete,,0.0,,,,
Chamadas_93,DecideTronco_Atender,6.09690410641379,complete,,,Atender,6.09690410641379,,
Chamadas_93,Atendimento,6.09690410641379,start,Troncos,0.0,,,,
Chamadas_93,Atendimento,7.0055665069053425,complete,Troncos,0.0,,,,
Chamadas_93,Discharge,7.0055665069053425,complete,,,,,,0.9086624004915524
Chamadas_94,Arrival,6.210185643428939,complete,,0.0,,,,
Chamadas_94,DecideTronco_Atender,6.210185643428939,complete,,,Atender,6.210185643428939,,
Chamadas_94,Atendimento,6.210185643428939,start,Troncos,0.0,,,,
Chamadas_94,Atendimento,6.297528852695786,complete,Troncos,0.0,,,,
Chamadas_94,Discharge,6.297528852695786,complete,,,,,,0.08734320926684713
Chamadas_95,Arrival,6.4033471257833945,complete,,0.0,,,,
Chamadas_95,DecideTronco_Atender,6.4033471257833945,complete,,,Atender,6.4033471257833945,,
Chamadas_95,Atendimento,6.4033471257833945,start,Troncos,0.0,,,,
Chamadas_95,Atendimento,9.594143381047699,complete,Troncos,0.0,,,,
Chamadas_95,Discharge,9.594143381047699,complete,,,,,,3.1907962552643045
Chamadas_96,Arrival,6.410268393899439,complete,,0.0,,,,
Chamadas_96,DecideTronco_Atender,6.410268393899439,complete,,,Atender,6.410268393899439,,
Chamadas_96,Atendimento,6.410268393899439,start,Troncos,0.0,,,,
Chamadas_96,Atendimento,6.813131353258753,complete,Troncos,0.0,,,,
Chamadas_96,Discharge,6.813131353258753,complete,,,,,,0.4028629593593145
Chamadas_97,Arrival,6.553279967039002,complete,,0.0,,,,
Chamadas_97,DecideTronco_Atender,6.553279967039002,complete,,,Atender,6.553279967039002,,
Chamadas_97,Atendimento,6.553279967039002,start,Troncos,0.0,,,,
Chamadas_97,Atendimento,6.845502858375759,complete,Troncos,0.0,,,,
Chamadas_97,Discharge,6.845502858375759,complete,,,,,,0.29222289133675705
Chamadas_98,Arrival,6.556245296058691,complete,,0.0,,,,
Chamadas_98,DecideTronco_Atender,6.556245296058691,complete,,,Atender,6.556245296058691,,
Chamadas_98,Atendimento,6.556245296058691,start,Troncos,0.0,,,,
Chamadas_98,Atendimento,7.64846569713605,complete,Troncos,0.0,,,,
Chamadas_98,Discharge,7.64846569713605,complete,,,,,,1.092220401077359
Chamadas_99,Arrival,6.63783999392883,complete,,0.0,,,,
Chamadas_99,DecideTronco_Atender,6.63783999392883,complete,,,Atender,6.63783999392883,,
Chamadas_99,Atendimento,6.63783999392883,start,Troncos,0.0,,,,
Chamadas_99,Atendimento,8.144228307076881,complete,Troncos,0.0,,,,
Chamadas_99,Discharge,8.144228307076881,complete,,,,,,1.5063883131480509
