combination_id,replication,arrival_rate,eq_mecanica_capacity,simulation_time,warm_up_period,entities_processed,throughput,system_time_avg,Triagem_queue_time,Triagem_service_time,Manutencao_Eletrica_queue_time,Manutencao_Eletrica_service_time,Lanternagem_queue_time,Lanternagem_service_time,Manutencao_Mecanica_queue_time,Manutencao_Mecanica_service_time,funcionario_utilization,funcionario_avg_queue,funcionario_max_queue,eq_eletrica_utilization,eq_eletrica_avg_queue,eq_eletrica_max_queue,eq_mecanica_utilization,eq_mecanica_avg_queue,eq_mecanica_max_queue,eq_lantern_utilization,eq_lantern_avg_queue,eq_lantern_max_queue
0,0,1.0,1,2080,40,1030,0.5049019607843137,11.243740196100761,0.009471746954291397,0.16993153141915235,1.0066353801088441,2.378621449101265,19.751566579881242,5.3175299184379625,1.032177543427765,3.742541526272785,0.08611619627652307,0.0004368089108583838,2,0.3081455833670255,0.058093913417413455,4,0.5262867979412283,0.16532576374403188,5,0.8108690899160621,2.748315835149956,17
0,1,1.0,1,2080,40,1000,0.49019607843137253,10.054147202090274,0.007809282783836082,0.16999288283174382,1.1085016723981806,2.453660873765129,14.618780723181363,5.568709467369042,2.080046188697113,3.731471487903551,0.08349390040306084,0.0007291380305361336,2,0.31151870897312217,0.07328943890894159,4,0.5282907593317475,0.45784172636241904,11,0.7559172211570632,1.6037841495051972,10
0,2,1.0,1,2080,40,1011,0.49558823529411766,10.104564618162394,0.009051930873033107,0.16994493351566145,1.3468702598857996,2.619474822256248,14.053695144935801,5.37265989338801,1.7853062903047952,4.034264342052358,0.08433510579643193,0.0006462023773712987,3,0.31074162107157466,0.08251560509787349,5,0.5902533239313076,0.38394052161304454,10,0.7655204845373631,1.6601530799041222,15
0,3,1.0,1,2080,40,1026,0.5029411764705882,8.90283176356326,0.007293063212300889,0.1691915436344162,1.6184433733138823,2.680015518474703,8.350342008544414,4.7465097604206266,2.744509327485493,3.8974655157011155,0.08501649978437217,0.0005238954314450541,3,0.32040698507741944,0.10144626827380959,5,0.5828614967858263,0.664708360996365,11,0.6820067994761358,0.9202802383385076,8
0,4,1.0,1,2080,40,1086,0.5323529411764706,10.69835154117436,0.008799868561941569,0.1700069101051633,1.2060604112060695,2.4806211414002495,17.383661982213408,4.94859869288573,1.9023412989351107,3.703148757442053,0.091518478644942,0.0007259279585904703,2,0.35892807187494036,0.08051407171069452,4,0.56320101399264,0.44909021876187466,8,0.7570492294788276,2.5132938069201605,14
1,0,1.0,2,2080,40,1024,0.5019607843137255,10.556487290458861,0.008938586011476832,0.17049248759135538,1.5037757056603114,2.5741217488415065,16.03807786455872,5.23543507246423,1.216816476835433,3.586026400862135,0.08551064158657179,0.0006391465821602194,2,0.3250707442258654,0.11281633138169775,5,0.49735756616354587,0.2302630387218445,9,0.8188929680033357,2.1788184174507923,15
1,1,1.0,2,2080,40,1014,0.4970588235294118,11.207461905285975,0.011077062743793524,0.17024256833705492,1.4486199082824214,2.6668779715465285,15.100576589327302,4.710268850113899,2.1871778584206747,4.086407456610231,0.08477745000808894,0.0008937902983018152,2,0.3117952289679386,0.08629013958140337,3,0.5672581817139123,0.4622875651272222,9,0.7764217617213431,2.1380196810799252,11
1,2,1.0,2,2080,40,1007,0.4936274509803922,7.228967654217565,0.006480981481286029,0.16893378627741595,1.3957492191972618,2.504615113604128,7.597736909640363,4.786266315320297,0.6785704655411477,3.5039149125178186,0.08320698446368813,0.0005386425934280978,2,0.32658216677387153,0.09624599010054821,5,0.47593566265833104,0.10142804731849488,6,0.7080480589287624,0.8267854482932917,7
1,3,1.0,2,2080,40,1021,0.5004901960784314,9.23385639275259,0.008655995599917988,0.16947915760045942,1.0853455721674514,2.6853806002773983,11.771753530818806,4.941024240746632,1.64508450210906,3.7292689409656625,0.08466171175422685,0.0005124257745718836,2,0.3567343836643009,0.05737901406536395,4,0.5113574773692241,0.3247982351113049,9,0.7543171001789759,1.4699120891446253,10
1,4,1.0,2,2080,40,1017,0.4985294117647059,7.628508556539495,0.006618272914707025,0.17011969553119494,0.9793701626764836,2.4228639531941374,6.826377423641449,4.781507546143414,1.6222152906338883,3.9985390669199425,0.08605056833953424,9.664615966415773e-05,2,0.2883011548937967,0.03291630637460559,5,0.567315957469555,0.3171228977631183,8,0.7304125891075655,1.0506399149763321,12
2,0,1.0,3,2080,40,943,0.46225490196078434,9.786661219708055,0.007122586355510976,0.1695671649535134,1.2904302875235054,2.409822630563621,14.714694005733204,5.179239703515562,1.1251709652142547,3.7959740283415297,0.07936982702250484,0.0001922229524269574,2,0.27760211675610325,0.07406386970001444,3,0.5152844407241913,0.20293590471950115,9,0.706845676268298,1.9399985779245679,18
2,1,1.0,3,2080,40,1007,0.4936274509803922,7.34115632915982,0.007677768852823279,0.17011850674370624,1.0348965241492565,2.2933375987665316,5.3077861584341735,4.631983833828368,2.288329880882658,3.7619372466750587,0.08404534701189398,0.0005557901834656739,2,0.27992625288740847,0.03866987990648258,3,0.5458693293392015,0.51696206415602,11,0.6382726787366295,0.4642313889732946,6
2,2,1.0,3,2080,40,999,0.48970588235294116,14.592050734963983,0.008805894841763397,0.17070211255509601,1.3353488909410864,2.697891424112956,27.178965126682126,5.58497656444832,2.0483692917957708,3.9754750889121997,0.08500668156882525,0.0001959716610599014,2,0.33855892381025304,0.08666110829883693,4,0.5455428313867738,0.4034278135191132,10,0.8409555862050732,4.656177189330067,23
2,3,1.0,3,2080,40,1025,0.5024509803921569,7.909175482842913,0.007689067872542149,0.17067113529081016,1.393537781311441,2.4096554358430473,7.53778052567777,4.890945549909052,1.7749172917382803,3.7489682624472875,0.08585192606915387,0.0006904614309034991,2,0.31109758316446984,0.09337543854757836,4,0.5237519308326897,0.34931259599671494,8,0.7268439501477111,0.8202275985155746,8
2,4,1.0,3,2080,40,1058,0.5186274509803922,8.200169983843018,0.007301585034640127,0.16994112075444043,0.7551910416122831,2.3297307698154763,10.232913128591361,4.809348026046391,1.345799558003106,3.676975859906678,0.08835193962527385,0.0003447806603725881,2,0.28550622179111224,0.0274192235785596,4,0.557922526984365,0.26856337267506064,8,0.72535155492544,1.2511328569440383,8
3,0,2.0,1,2080,40,993,0.48676470588235293,8.8548188233194,0.006650519923928731,0.170309894591666,0.6418151553779674,2.386233342437888,12.628100287568902,4.787408998063444,1.0015743433597568,3.467388464042054,0.08271797518287664,9.259279621105901e-05,2,0.27956361217777226,0.03287080897695744,3,0.4800701142750334,0.1657019148718008,6,0.722804887942912,1.600912181906231,13
3,1,2.0,1,2080,40,1052,0.515686274509804,8.70190581421342,0.007709883121802497,0.16955504153976797,0.8544016430615334,2.3633660367129528,10.27474603596282,4.931230031151654,1.5137672459803708,4.038987377950784,0.0880050639510927,0.0004957073927077213,2,0.32982978079588865,0.05385544253162361,4,0.569200550681254,0.3122565013136997,8,0.7764849647218782,1.4492394401016713,10
3,2,2.0,1,2080,40,1061,0.5200980392156863,10.10762168506984,0.008278638676027125,0.17085828643171758,1.313990917997786,2.482236990064853,13.830115560093159,5.011105524795965,2.483458849860339,3.9090968975627254,0.08952339029662351,0.0004545217249163634,2,0.33562168729492026,0.08595191305308766,4,0.5756885861782138,0.5737782150246308,9,0.7394721361955431,1.7173548856059195,11
3,3,2.0,1,2080,40,1037,0.5083333333333333,14.471949007314901,0.008323888423696418,0.16928429526337657,1.0104441845181629,2.2658813548765004,28.381866239642502,5.312826521225314,2.7244286670431865,3.899798339371001,0.08549182929978551,0.000515029169510089,2,0.30544969244658743,0.05896283474889033,4,0.5568098544028137,0.6323114786854984,13,0.7717827737290635,3.8114067979524746,19
3,4,2.0,1,2080,40,1032,0.5058823529411764,9.962795982513146,0.007538808106095196,0.17094419416788723,1.1662909879128374,2.434334881412105,14.488974143194485,4.885576039482855,1.0971364776666055,3.773792761127425,0.08606626979137552,0.0003241470345704551,2,0.3159254721614262,0.060900803194331506,4,0.5226661041207732,0.1897904881138049,8,0.7840557384057263,1.9730933966731743,12
4,0,2.0,2,2080,40,1042,0.5107843137254902,8.987711195917193,0.0075893628581869335,0.1702008172684684,1.1778881647896686,2.437476087554956,10.245376846842863,4.635587757373277,2.013863145326755,4.076247141195054,0.08642646792842924,0.00026437951920467315,2,0.3238019704546041,0.07657598144102783,4,0.5855372529803803,0.42370413140451013,10,0.6987503740564239,1.2318196784537385,13
4,1,2.0,2,2080,40,1049,0.5142156862745098,8.199199379723293,0.00608810943680844,0.1693160920378006,0.9500435187020414,2.402915337551746,8.802326440411328,4.625963677172285,1.6718312946765654,3.8949225438275636,0.08698456001143128,0.0001907154952094988,2,0.29329701914234546,0.05063492599424989,4,0.5801102550722511,0.35618743824630167,13,0.7070408075145634,1.040037423187079,7
4,2,2.0,2,2080,40,1004,0.492156862745098,11.072471099509825,0.007223445303423925,0.16996216881556903,1.1808817067789095,2.4156920502159855,17.773461247103313,5.422090720680564,2.059683614742606,3.892994055350647,0.0831798002733873,0.00036968728858249845,2,0.3351180638289822,0.08622344609270718,6,0.52827101592117,0.40060830250011364,8,0.7490162660733588,2.1625464687828173,15
4,3,2.0,2,2080,40,1005,0.49264705882352944,10.176471619278448,0.006442715056785395,0.17023359147044798,0.610086222447442,2.232949404557002,15.870922438143475,5.261433255320815,1.709070700785195,3.6872284054009463,0.08420684573482737,0.0004086225511141002,2,0.23861910303599385,0.020695195642057025,3,0.5450472404485014,0.3540899145344816,7,0.7585798034839684,1.9484533244649915,11
4,4,2.0,2,2080,40,967,0.47401960784313724,7.071454229298191,0.010783231973595653,0.17014389659196813,1.0300043037660622,2.4340162264685707,5.245995992252636,4.575098948468681,1.6733791928720447,4.040864394436079,0.08041760824810794,0.0006361118033553606,2,0.30902460914478347,0.051795320573990625,4,0.5381824340182876,0.3036994319701863,8,0.605235376083944,0.4737089001632015,7
5,0,2.0,3,2080,40,1023,0.5014705882352941,8.25366051791323,0.008508160795059908,0.17150139070404466,1.101705415507031,2.5080030593740665,8.720609683200967,4.502529175599459,2.397216138349834,3.796496654235705,0.08635213508564117,0.0005183963159157809,2,0.3523933061316552,0.07456209123656815,4,0.5419018582993083,0.5735533307191228,9,0.6073211360583083,0.9564113402596337,10
5,1,2.0,3,2080,40,954,0.4676470588235294,7.217441788666677,0.007556252425228952,0.1698644491024007,1.4954606461225686,2.616862866382003,6.27450855108591,4.762293667170062,1.1281188996666205,3.678273615809838,0.07964830370019485,0.00014993979034376453,2,0.27194849395734505,0.08243536651953758,5,0.5166445063060936,0.21981123422504997,8,0.6536789611727433,0.6229321693439044,7
5,2,2.0,3,2080,40,1034,0.5068627450980392,12.874199553058405,0.008411647506979964,0.17020241964598445,1.3843908789976624,2.3756892454545384,23.462280039324963,5.500734982489429,1.3358042208406773,3.5920571379606288,0.08671408866360995,0.00024338591415369053,2,0.3225813338190723,0.10874466649011105,5,0.49111239171646026,0.2779543868739624,10,0.8694879500389756,3.2707518179473944,16
5,3,2.0,3,2080,40,992,0.48627450980392156,9.087862911869555,0.006455479506298,0.16953431465811417,1.225075869577421,2.778035305017765,12.107890677136382,4.644360192241454,1.118412822384671,3.6264627714387934,0.0824466414341695,0.00010493682882157578,2,0.32955124696779386,0.05866064171262755,3,0.49775577108885494,0.1969502978951113,6,0.7087906150250297,1.5642900165706102,16
5,4,2.0,3,2080,40,1043,0.5112745098039215,7.400172108541146,0.009575318395212638,0.17008267401292754,1.291099990918346,2.6505675883977178,6.630593599649288,4.420698567303595,1.5028712726634135,3.6948181384384386,0.0870053796956116,0.0005606835358293541,2,0.3378174377369642,0.06969905311138827,4,0.5411424036370731,0.3165621575399845,8,0.6679488381088307,0.7357714114362709,7
6,0,3.0,1,2080,40,1086,0.5323529411764706,8.423108453113763,0.009771054640927678,0.16938551338581948,1.2218647158268459,2.6885395465524073,8.194215693591024,5.056271126677951,2.32531969508361,4.01610451099425,0.08992864921575713,0.000878353106346508,2,0.3742868780494535,0.0754939129486018,4,0.6284246851835653,0.5409697820300949,12,0.7068986983869046,0.8567435593611774,7
6,1,3.0,1,2080,40,1032,0.5058823529411764,10.877597094521558,0.008559386105940182,0.17058264207189197,1.1381733282015944,2.416263198887534,17.703300787469697,5.076995819998638,1.6376361239752155,3.749390424403228,0.08561663826159258,0.000254279534450528,2,0.30913955632825835,0.07563500244720117,4,0.5477489038206003,0.3308133417153729,7,0.7517549926809175,2.28424844797761,13
6,2,3.0,1,2080,40,1010,0.4950980392156863,9.785593421487366,0.006825913356256674,0.16961673046480039,0.6911332029759705,2.3346457638092213,14.182842321283735,4.527876309893016,1.1727274715348566,3.5992759124487725,0.08425288004684472,0.00012075358847105948,2,0.2712309049131301,0.034718615530716236,4,0.5074066658125959,0.21047444149026007,7,0.7411222345919571,2.087104607865524,14
6,3,3.0,1,2080,40,1037,0.5083333333333333,7.3080724783977535,0.006791897787604807,0.16929098346298374,1.5920864797637255,2.5572900946325388,6.979659639191267,4.400124154124576,1.2319335461724334,3.7434930006385816,0.08644746153199119,0.0002340300226782855,2,0.32216840898066706,0.11445061451966183,6,0.5527064910561782,0.22599030737987552,6,0.636253441294876,0.7968059463446386,7
6,4,3.0,1,2080,40,1007,0.4936274509803922,9.597476024782884,0.00888762976799127,0.17002780938261286,1.4483195353498133,2.505268981188481,13.870522365859083,5.082453686009409,1.9563613342328916,3.7777648780025106,0.08411405772813398,0.0009357194085649547,2,0.33649201021845243,0.10315117758320486,5,0.5320662227828435,0.43176255851402073,9,0.6684752825250928,1.5694022728810706,13
7,0,3.0,2,2080,40,1054,0.5166666666666667,10.562152359782907,0.008376048854945976,0.17015509689045136,1.0754723687724679,2.2963425821171555,15.750633749079146,5.163224462736473,1.7734464759147988,3.9085752323128395,0.08832978364597509,0.00011616234528825468,2,0.32418954100477515,0.07845524762717912,6,0.5394518466645896,0.340737045868669,8,0.8225725247006633,2.1139551446215408,14
7,1,3.0,2,2080,40,1062,0.5205882352941177,8.98876126580254,0.009390205649119892,0.17007836207814087,0.7028475304114312,2.3004435803540804,13.109019862481269,4.998322620744957,1.277979513538508,3.6425997814482303,0.08843105675413857,0.0005355981621074293,2,0.2830447738572913,0.027255142060484034,3,0.5416124967016281,0.2733484836067636,10,0.7573491340768815,1.6421723834260198,13
7,2,3.0,2,2080,40,997,0.4887254901960784,8.409950092820102,0.0070283770353991104,0.17034672786360405,0.6151399524451301,2.1493997793538737,10.74538834351253,5.266383540489175,1.1111441459218636,3.646489858447501,0.08331979699384096,0.0002278359328639168,2,0.25283491428601845,0.023001563328364116,3,0.5088180053479588,0.20582962025572163,6,0.7831788597860792,1.2332263272485853,7
7,3,3.0,2,2080,40,989,0.48480392156862745,7.788066274901528,0.009336968072276281,0.17161968402592523,1.0359935399013265,2.474970050282766,9.128763535373121,4.571927901626573,0.8804746684881346,3.6211439740896036,0.083530163370853,0.0007044951114610867,2,0.27349910622919493,0.0385849619670414,4,0.5218262440181098,0.15257509337195146,6,0.6697961908049029,1.0934336362516166,8
7,4,3.0,2,2080,40,975,0.47794117647058826,7.392311550351738,0.007755805626733532,0.16874001792667573,0.762944791667111,2.5808221395813935,7.419598587200223,4.426639981683227,1.3739423892103264,3.6952357955112007,0.08113551061430205,0.0006816594767422806,3,0.32631076339950443,0.03848003952632599,4,0.5012865470286364,0.2551947075148873,6,0.6207468712490531,0.7976797615562938,12
8,0,3.0,3,2080,40,990,0.4852941176470588,7.874041431712447,0.006249884049174651,0.1708438467283368,0.901975192618179,2.3282995352582683,8.609118522876937,4.99289108257815,1.2020644749212392,3.7795737854479694,0.08246455000049896,0.00031774298450191546,2,0.2900237678740517,0.04373019401357137,4,0.5161927274425664,0.2064100950928021,7,0.719382572513214,0.9738456680612152,7
8,1,3.0,3,2080,40,1003,0.49166666666666664,9.058178742642214,0.00598036787182271,0.16969454626278657,0.9038576549682366,2.5395099174475373,13.109327527660518,5.429480930413645,0.8948847070952403,3.4653135764157774,0.0831038036191874,0.0,1,0.32117331308895397,0.04308969706464188,3,0.4923025743515972,0.1488194662002723,5,0.7871096660620741,1.5822637252375118,10
8,2,3.0,3,2080,40,961,0.471078431372549,9.889663447157893,0.007002552737947541,0.1707723428042892,1.1805792602261769,2.432340075749856,16.03437232570298,4.937646920427407,0.8650651818931614,3.7171028164343967,0.08071621302080009,0.00033028646105065615,2,0.30231598722880426,0.08662912720985651,6,0.481049120358894,0.14110797664844654,5,0.69470699839371,1.9398633271273815,13
8,3,3.0,3,2080,40,1025,0.5024509803921569,9.770171591493831,0.006379145514323773,0.16935069385543458,0.7996905616207653,2.183250326823885,15.237460873566777,5.199051587865132,1.3987771411451395,3.7420287414548317,0.08549792732397138,0.00028763095953165165,2,0.29145208909723824,0.050642205739640976,3,0.516086337083718,0.2686194212854709,7,0.7684155437578712,1.9193365489901362,13
8,4,3.0,3,2080,40,982,0.48137254901960785,8.836096111682203,0.00812767479979699,0.1698750823124389,1.3603728346747224,2.2927804706032235,10.597299709952491,5.050324440084105,1.439948049377817,3.7156497982148737,0.08201811548963706,0.00010092552463106307,2,0.26749105490370956,0.0896566337779057,6,0.5236008363588072,0.27271307996239524,6,0.7411547369763885,1.2612431724237918,10
