entities_processed,system_time_avg,average_wip,max_wip,final_wip,system_time_avg_detailed,system_time_std,system_time_min,system_time_max,Ativ_2_queue_time,Ativ_2_service_time,Ativ_2_system_time,Ativ_1_queue_time,Ativ_1_service_time,Ativ_1_system_time,Ativ3_queue_time,Ativ3_service_time,Ativ3_system_time,Rec1_utilization,Rec1_avg_queue,Rec1_avg_in_service,Rec1_max_queue,Rec2_utilization,Rec2_avg_queue,Rec2_avg_in_service,Rec2_max_queue,Rec3_utilization,Rec3_avg_queue,Rec3_avg_in_service,Rec3_max_queue,Decide1_It_is_Ent_A_Attrib_01_percentage,Decide1_It_is_Ent_A_Attrib_02_percentage,Decide1_It_is_Ent_B_Urgent_percentage,Decide1_It_is_Ent_B_Not_Very_Urgent_percentage,Decide1_It_is_Ent_B_Not_Urgent_percentage,Decide2_Route1_percentage,Decide2_Route2_percentage,Decide3_Return_Ativ_1_percentage,Decide3_Go_on_percentage,DisposeDecision_Dispose_Yes_percentage,DisposeDecision_Dispose_No_percentage,total_revenue,total_costs,net_profit,avg_revenue_per_entity,avg_cost_per_entity,avg_profit_per_entity,Ativ_total_cost,Ativ3_total_cost
123,17.052516369204263,1.5826488569432713,5,3,17.052516369204266,8.374397691015119,4.431062838965772,37.98300435658848,0,0.5,0.5,0.3747754115566041,5.96817948705647,6.342954898613074,0,6.5341065166175465,6.5341065166175465,0.5824253624962699,0.011305966871571049,1.1648507249925397,2,0.08751731222192452,0.0,0.3500692488876981,0,0.058344874814616345,0.0,0.3500692488876981,0,33.95522388059701,66.04477611940298,0.0,0.0,0.0,7.156673114119923,92.84332688588007,29.375,70.625,13.513513513513514,86.48648648648648,17664,4840.859999999998,12823.140000000003,143.609756097561,39.35658536585364,104.25317073170734,4518.859999999998,322
127,14.906296429194287,1.4405641296246903,5,2,14.906296429194287,7.418595205993493,4.579832851989067,32.078798499155255,0,0.5,0.5,0.24768860444298949,5.987520328120134,6.235208932563124,0,6.646936656296662,6.646936656296662,0.5539319085122778,0.005557160317307862,1.1078638170245556,2,0.07287143239253853,0.0,0.2914857295701541,0,0.04858095492835902,0.0,0.2914857295701541,0,38.768115942028984,61.23188405797102,0.0,0.0,0.0,8.878504672897195,91.1214953271028,33.84615384615385,66.15384615384615,5.263157894736842,94.73684210526315,18422,4755.550000000002,13666.449999999997,145.0551181102362,37.4452755905512,107.60984251968502,4460.550000000002,295
133,15.668389276658884,1.5861121614077753,6,1,15.668389276658884,8.014296907128422,3.565823521540551,35.25288633562445,0,0.5,0.5,0.5632973189910077,5.975364767978046,6.538662086969054,0,6.257806805215394,6.257806805215394,0.5737666005581548,0.02997049209297097,1.1475332011163095,3,0.08808145435868012,0.0,0.35232581743472047,0,0.05872096957245341,0.0,0.35232581743472047,0,35.12544802867383,64.87455197132617,0.0,0.0,0.0,11.037527593818984,88.96247240618102,32.754342431761785,67.24565756823822,6.0,94.0,19300,5160.57,14139.43,145.11278195488723,38.80127819548872,106.3115037593985,4755.57,405
150,15.22112942327802,1.7092173020460302,6,1,15.22112942327802,7.035385293225593,4.543618080511692,31.68621796298146,0,0.5,0.5,0.7579458616418787,5.871982192333292,6.6299280539751715,0,6.679697922614787,6.679697922614787,0.5957746575926925,0.017547417476013422,1.191549315185385,2,0.10314543571696762,0.0,0.41258174286787047,0,0.06876362381131175,0.0,0.41258174286787047,0,33.093525179856115,66.90647482014388,0.0,0.0,0.0,12.943632567849686,87.05636743215031,29.97601918465228,70.02398081534771,22.58064516129032,77.41935483870968,20176,5849.759999999997,14326.240000000003,134.50666666666666,38.998399999999975,95.50826666666669,5387.759999999997,462
115,16.636010274216467,1.4572475866085206,6,3,16.63601027421647,7.53861769993933,4.538768193396891,33.03533355359866,0,0.5,0.5,0.3776026494827605,5.960685257834846,6.338287907317606,0,6.610993660087701,6.610993660087701,0.5360961172510723,0.02363372419000572,1.0721922345021446,3,0.08036549428080138,0.0,0.3214619771232055,0,0.053576996187200916,0.0,0.3214619771232055,0,33.33333333333333,66.66666666666666,0.0,0.0,0.0,8.396946564885496,91.6030534351145,28.125,71.875,6.8181818181818175,93.18181818181817,16890,4616.280000000001,12273.72,146.8695652173913,40.14156521739131,106.728,4296.280000000001,320
153,15.683588091549375,1.8157852473386842,7,1,15.683588091549371,7.055292402740598,1.9423821863290414,34.69470471101249,0,0.5,0.5,0.6585786621074728,6.141273130931252,6.799851793038725,0,6.5882043030238,6.5882043030238,0.6287256359690594,0.043108003888431765,1.2574512719381188,3,0.10885369959296264,0.0,0.43541479837185054,0,0.07256913306197509,0.0,0.43541479837185054,0,36.610169491525426,63.389830508474574,0.0,0.0,0.0,11.428571428571429,88.57142857142857,30.184331797235025,69.81566820276498,5.357142857142857,94.64285714285714,22502,6055.140000000003,16446.859999999997,147.0718954248366,39.57607843137257,107.49581699346403,5525.140000000003,530
114,15.791087723153408,1.3590547440526464,4,1,15.791087723153408,8.131743665079206,3.7818104107402633,34.69208660301774,0,0.5,0.5,0.33845860788568366,5.982106184518518,6.320564792404201,0,6.323302323736711,6.323302323736711,0.511509136250934,0.007040393178556874,1.023018272501868,2,0.06693668968159423,0.0,0.26774675872637693,0,0.04462445978772949,0.0,0.26774675872637693,0,37.5,62.5,0.0,0.0,0.0,7.568807339449542,92.43119266055045,30.52109181141439,69.4789081885856,9.090909090909092,90.9090909090909,16542,4310.94,12231.060000000001,145.10526315789474,37.815263157894734,107.29,4045.9399999999996,265
129,15.428558293045736,1.5077251967090193,6,1,15.428558293045736,7.858889857723803,3.497566532620567,36.187021727824344,0,0.5,0.5,0.625396611443046,6.139304391109336,6.764701002552382,0,6.323701208092298,6.323701208092298,0.5284202445270765,0.032521932818839874,1.056840489054153,3,0.08757938483863041,0.0,0.35031753935452165,0,0.05838625655908694,0.0,0.35031753935452165,0,36.7816091954023,63.2183908045977,0.0,0.0,0.0,11.926605504587156,88.07339449541286,29.6875,70.3125,1.9230769230769231,98.07692307692307,19414,4985.19,14428.810000000001,150.49612403100775,38.64488372093023,111.85124031007753,4547.19,438
112,17.355568923604462,1.479388019712081,7,2,17.355568923604462,7.379028595686028,4.653752773027577,35.6068964932947,0,0.5,0.5,0.4357626273840887,6.102935275336977,6.538697902721066,0,6.244857979011403,6.244857979011403,0.5306313331244645,0.017471244569855465,1.061262666248929,4,0.08438826311844681,0.0,0.33755305247378725,0,0.05625884207896454,0.0,0.33755305247378725,0,31.906614785992215,68.09338521400778,0.0,0.0,0.0,8.300395256916996,91.699604743083,28.879310344827587,71.12068965517241,7.142857142857142,92.85714285714286,16258,4562.120000000001,11695.88,145.16071428571428,40.73321428571429,104.4275,4233.120000000001,329
136,15.442729051680669,1.5750032232964766,6,1,15.442729051680672,7.421936792185259,3.898019781897119,35.454168567877105,0,0.5,0.5,0.46146204416250425,5.980974541425593,6.442436585588098,0,6.974355111088861,6.974355111088861,0.5617599272050903,0.013037856931769135,1.1235198544101805,2,0.09336632659915801,0.0,0.37346530639663206,0,0.06224421773277201,0.0,0.37346530639663206,0,38.25757575757576,61.74242424242424,0.0,0.0,0.0,9.190371991247265,90.80962800875274,29.397590361445786,70.60240963855422,2.380952380952381,97.61904761904762,20664,5288.080000000002,15375.919999999998,151.94117647058823,38.8829411764706,113.05823529411764,4860.080000000002,428
141,16.25189517518,1.755324651622149,6,1,16.251895175179996,7.6711854650166025,3.7418568795145575,39.59728931814436,0,0.5,0.5,0.5731978435097974,5.952625542627001,6.525823386136799,0,6.474384020017934,6.474384020017934,0.5996152130812914,0.04812384546614969,1.1992304261625828,3,0.10885318503425725,0.0,0.435412740137029,0,0.07256879002283817,0.0,0.435412740137029,0,34.494773519163765,65.50522648083623,0.0,0.0,0.0,9.107142857142856,90.89285714285714,27.111984282907663,72.88801571709233,1.9607843137254901,98.0392156862745,20406,5571.559999999999,14834.440000000002,144.72340425531914,39.514609929078006,105.20879432624115,5080.559999999999,491
154,15.526942339420915,1.7863943897280223,7,2,15.526942339420915,7.607417294454697,3.795747773534913,34.35622982299424,0,0.5,0.5,0.8122744585063384,6.047399449112137,6.859673907618476,0,6.3969700994422505,6.3969700994422505,0.6167777617382539,0.04916479220582294,1.2335555234765079,3,0.106071306674032,0.0,0.424285226696128,0,0.07071420444935467,0.0,0.424285226696128,0,35.90604026845637,64.09395973154362,0.0,0.0,0.0,13.31923890063425,86.68076109936575,31.463414634146343,68.53658536585367,7.936507936507936,92.06349206349206,22442,5960.389999999996,16481.610000000004,145.72727272727272,38.703831168831144,107.02344155844159,5394.389999999996,566
129,15.18387409990665,1.495177354130742,6,1,15.183874099906651,7.384109466036978,4.790341010702832,36.27922387613455,0,0.5,0.5,0.5548529459259097,6.154738744612229,6.709591690538139,0,6.33638006372681,6.33638006372681,0.5426877510399798,0.035439788369191594,1.0853755020799596,2,0.08029108374369535,0.0,0.3211643349747814,0,0.05352738916246357,0.0,0.3211643349747814,0,38.69731800766284,61.30268199233716,0.0,0.0,0.0,9.271523178807946,90.72847682119205,28.953771289537713,71.04622871046229,16.666666666666664,83.33333333333334,18512,4941.099999999998,13570.900000000001,143.50387596899225,38.30310077519378,105.20077519379846,4638.099999999998,303
117,15.737287959258026,1.365791877271696,7,1,15.737287959258024,8.269887115951395,3.2011866199346173,40.08350706961734,0,0.5,0.5,0.36448856022069764,6.004249548217075,6.368738108437772,0,6.659980733843052,6.659980733843052,0.5002831418792849,0.030607243271711087,1.0005662837585698,3,0.07472499888432553,0.0,0.2988999955373021,0,0.04981666592288369,0.0,0.2988999955373021,0,37.75100401606426,62.24899598393574,0.0,0.0,0.0,8.98876404494382,91.01123595505618,28.641975308641975,71.35802469135803,5.0,95.0,17716,4522.100000000001,13193.899999999998,151.4188034188034,38.650427350427364,112.76837606837606,4191.100000000001,331
127,15.42831576239882,1.4759233041746047,5,1,15.42831576239882,7.042537703025631,2.867405898186462,31.32751596924993,0,0.5,0.5,0.14891450723976013,5.9362264290115805,6.085140936251341,0,6.560383480615894,6.560383480615894,0.5465103918013392,0.00568312909144302,1.0930207836026784,2,0.08298746312541136,0.0,0.33194985250164544,0,0.055324975416940904,0.0,0.33194985250164544,0,35.44776119402985,64.55223880597015,0.0,0.0,0.0,10.250569476082005,89.749430523918,32.74111675126903,67.25888324873097,11.11111111111111,88.88888888888889,18282,5022.3499999999985,13259.650000000001,143.95275590551182,39.546062992125975,104.40669291338584,4668.3499999999985,354
129,15.74162542270551,1.5185505008872595,5,1,15.74162542270551,7.856492154376217,4.127739229376914,36.014091651106355,0,0.5,0.5,0.44149560937300614,5.8953707826269355,6.3368663919999415,0,6.481877155062174,6.481877155062174,0.5500741683550066,0.02098974831835056,1.100148336710013,3,0.0838673227793344,0.0,0.3354692911173376,0,0.055911548519556264,0.0,0.3354692911173376,0,35.18518518518518,64.81481481481481,0.0,0.0,0.0,8.49056603773585,91.50943396226415,27.010309278350515,72.98969072164948,20.0,80.0,17924,5104.3499999999985,12819.650000000001,138.94573643410854,39.56860465116278,99.37713178294575,4760.3499999999985,344
137,16.140550221278573,1.6798568078309106,5,1,16.140550221278577,7.788249045593667,4.33534936821934,35.68323497347046,0,0.5,0.5,0.33599538939987966,6.013565351247337,6.349560740647217,0,6.480663491200327,6.480663491200327,0.6181734430506765,0.02312469584009647,1.236346886101353,3,0.09078091329394154,0.0,0.36312365317576617,0,0.060520608862627695,0.0,0.36312365317576617,0,36.933797909407666,63.06620209059234,0.0,0.0,0.0,7.547169811320755,92.45283018867924,28.97959183673469,71.0204081632653,7.5,92.5,19746,5398.890000000002,14347.109999999997,144.13138686131387,39.40795620437958,104.72343065693428,5059.890000000002,339
122,16.331308719078464,1.4965836904060523,6,1,16.331308719078464,6.767344229087703,3.9520480163040475,30.82717002794186,0,0.5,0.5,0.4314959932263687,5.959768179344037,6.391264172570406,0,6.711691286618022,6.711691286618022,0.5223885900873296,0.020661457186540996,1.0447771801746593,3,0.09561884696883559,0.0,0.38247538787534235,0,0.06374589797922373,0.0,0.38247538787534235,0,34.24124513618677,65.75875486381322,0.0,0.0,0.0,10.759493670886076,89.24050632911393,28.132387706855795,71.8676122931442,1.9607843137254901,98.0392156862745,18136,4982.229999999997,13153.770000000004,148.65573770491804,40.8379508196721,107.81778688524594,4583.229999999997,399
128,16.290242235898848,1.5994446693470095,6,2,16.290242235898845,7.678202105920414,3.8443104771329217,33.972216792170116,0,0.5,0.5,0.5858909970039079,6.126286903506091,6.712177900509999,0,6.438878569826445,6.438878569826445,0.5712839499828976,0.034842564175083364,1.142567899965795,3,0.08840984297127559,0.0,0.35363937188510236,0,0.05893989531418373,0.0,0.35363937188510236,0,36.80297397769517,63.19702602230484,0.0,0.0,0.0,9.429824561403509,90.5701754385965,30.750605326876514,69.24939467312349,6.976744186046512,93.02325581395348,18500,5060.699999999998,13439.300000000003,144.53125,39.536718749999984,104.99453125000002,4687.699999999998,373
114,15.539725932125858,1.333844535130464,6,0,15.539725932125856,8.172198728793266,3.171190021367835,36.7765898642628,0,0.5,0.5,0.2697200806690785,5.977574185133213,6.247294265802292,0,6.727282221823411,6.727282221823411,0.5075366145438651,0.010819020743788512,1.0150732290877302,3,0.06448867592426423,0.0,0.2579547036970569,0,0.04299245061617615,0.0,0.2579547036970569,0,40.87301587301587,59.12698412698413,0.0,0.0,0.0,6.4593301435406705,93.54066985645933,31.45780051150895,68.54219948849105,7.4074074074074066,92.5925925925926,16600,4244.740000000001,12355.259999999998,145.6140350877193,37.23456140350878,108.37947368421051,4018.7400000000007,226
130,16.223338815700874,1.5934371232528162,5,2,16.223338815700874,7.994911026321043,4.115603600933412,33.604673720064284,0,0.5,0.5,0.5098440774422217,6.080818350278605,6.590662427720827,0,6.574915078968597,6.574915078968597,0.5788901619865723,0.021776466864977462,1.1577803239731446,3,0.08617401364453393,0.0,0.34469605457813574,0,0.05744934242968929,0.0,0.34469605457813574,0,35.1063829787234,64.8936170212766,0.0,0.0,0.0,8.704453441295547,91.29554655870446,31.263858093126384,68.73614190687361,9.30232558139535,90.69767441860465,19212,4930.910000000002,14281.089999999998,147.7846153846154,37.93007692307694,109.85453846153845,4596.910000000002,334
142,15.447314100946553,1.639599042871854,7,1,15.447314100946555,7.719676531914619,2.953224968220752,36.296150794349956,0,0.5,0.5,0.41754400746961473,5.768128391489296,6.185672398958911,0,6.718609773456534,6.718609773456534,0.5879774900179514,0.018358292722031377,1.1759549800359028,2,0.09463666865249515,0.0,0.3785466746099806,0,0.06309111243499677,0.0,0.3785466746099806,0,34.34343434343434,65.65656565656566,0.0,0.0,0.0,11.491935483870968,88.50806451612904,31.662870159453306,68.3371298405467,12.280701754385964,87.71929824561403,20372,5617.259999999999,14754.740000000002,143.46478873239437,39.558169014084505,103.90661971830987,5220.259999999999,397
149,15.174173943831853,1.6908210690381105,6,1,15.174173943831851,7.440498483337413,3.6489164705636767,33.322714188530654,0,0.5,0.5,0.5743391003941718,5.897083890491087,6.47142299088526,0,6.612592158825896,6.612592158825896,0.5938313629537152,0.02756301018542927,1.1876627259074304,3,0.09947997790852571,0.0,0.39791991163410284,0,0.06631998527235047,0.0,0.39791991163410284,0,36.42611683848797,63.57388316151202,0.0,0.0,0.0,10.36468330134357,89.63531669865642,28.051391862955033,71.94860813704497,12.962962962962962,87.03703703703704,21762,5734.210000000001,16027.789999999999,146.05369127516778,38.48463087248323,107.56906040268456,5292.210000000001,442
126,17.100919505178698,1.6307787240868934,8,0,17.100919505178698,7.621152374462315,4.426902348745813,37.944401957960736,0,0.5,0.5,1.064890212425837,6.033833571920588,7.098723784346425,0,6.462087554130625,6.462087554130625,0.5539365175254147,0.08506641507297989,1.1078730350508295,5,0.0952189446003805,0.0,0.380875778401522,0,0.06347929640025367,0.0,0.380875778401522,0,32.8125,67.1875,0.0,0.0,0.0,11.294117647058824,88.70588235294117,33.15649867374005,66.84350132625994,4.166666666666666,95.83333333333334,18896,5079.439999999999,13816.560000000001,149.96825396825398,40.313015873015864,109.6552380952381,4632.439999999999,447
111,16.992539835625024,1.4299483135450926,5,2,16.992539835625024,7.147344221592409,4.599725954705946,34.08944817551617,0,0.5,0.5,0.40702609541599954,5.910780964224682,6.317807059640682,0,6.7484687357991815,6.7484687357991815,0.5277534776219563,0.02192351624141136,1.0555069552439127,3,0.07456545328374545,0.0,0.2982618131349818,0,0.049710302189163634,0.0,0.2982618131349818,0,33.85826771653544,66.14173228346458,0.0,0.0,0.0,8.137044967880087,91.86295503211991,30.536130536130536,69.46386946386947,10.526315789473683,89.47368421052632,15714,4455.140000000002,11258.859999999997,141.56756756756758,40.136396396396414,101.43117117117114,4152.140000000002,303
124,15.054231497766125,1.4141853831234843,6,0,15.054231497766125,7.442204179511165,3.9028857859068466,36.5957160093767,0,0.5,0.5,0.551870714890501,5.995714233973979,6.547584948864481,0,6.52198577994683,6.52198577994683,0.5076626594346801,0.03164475984549058,1.0153253188693603,3,0.07523627206783948,0.0,0.3009450882713579,0,0.05015751471189298,0.0,0.3009450882713579,0,38.43137254901961,61.568627450980394,0.0,0.0,0.0,11.027568922305765,88.97243107769424,32.11267605633803,67.88732394366197,9.090909090909092,90.9090909090909,17906,4710.220000000002,13195.779999999999,144.40322580645162,37.98564516129034,106.41758064516128,4383.220000000002,327
142,14.842793125229068,1.5943168418633624,7,1,14.842793125229068,7.358230379396408,4.388289149492834,34.235511734416605,0,0.5,0.5,0.4206681719797522,6.037175758496471,6.457843930476224,0,6.467768535130835,6.467768535130835,0.5701857036266581,0.027719630763756224,1.1403714072533162,3,0.08858157981159727,0.0,0.3543263192463891,0,0.059054386541064846,0.0,0.3543263192463891,0,36.86131386861314,63.138686131386855,0.0,0.0,0.0,10.869565217391305,89.13043478260869,30.24390243902439,69.7560975609756,16.0,84.0,19674,5546.650000000001,14127.349999999999,138.54929577464787,39.06091549295775,99.48838028169013,5136.650000000001,410
107,14.648099641806853,1.173796966724693,5,1,14.648099641806855,7.128982535283611,3.779163012075287,32.69627554118176,0,0.5,0.5,0.36753908185268913,6.035710856928241,6.40324993878093,0,6.5124617290453095,6.5124617290453095,0.43900831982161537,0.0146190555584417,0.8780166396432307,2,0.058868182756662446,0.0,0.23547273102664978,0,0.0392454551711083,0.0,0.23547273102664978,0,41.37931034482759,58.620689655172406,0.0,0.0,0.0,9.764309764309765,90.23569023569024,33.95522388059701,66.04477611940298,6.896551724137931,93.10344827586206,15682,4005.0399999999977,11676.960000000003,146.5607476635514,37.430280373831756,109.13046728971965,3761.0399999999977,244
136,14.965530056620588,1.5498851212703146,5,2,14.96553005662059,7.181454535800027,3.861787916246044,32.86023195706423,0,0.5,0.5,0.3322025830434616,5.9505831521660495,6.282785735209511,0,6.481838309254764,6.481838309254764,0.5710818902765091,0.017860589848083013,1.1421637805530183,2,0.08169435210855516,0.0,0.32677740843422065,0,0.054462901405703444,0.0,0.32677740843422065,0,35.8974358974359,64.1025641025641,0.0,0.0,0.0,10.85972850678733,89.14027149321268,32.48730964467005,67.51269035532995,20.833333333333336,79.16666666666666,19008,5334.670000000001,13673.329999999998,139.76470588235293,39.22551470588236,100.53919117647058,4984.670000000001,350
126,16.27770634528793,1.563117811405657,5,2,16.27770634528793,7.685244809082604,4.454433650130113,36.250571836517,0,0.5,0.5,0.3434477011157822,6.185779860682583,6.529227561798365,0,6.449739779338924,6.449739779338924,0.5624571337392752,0.017282295169997106,1.1249142674785504,2,0.09044315367314741,0.0,0.36177261469258964,0,0.060295435782098276,0.0,0.36177261469258964,0,36.88212927756654,63.11787072243346,0.0,0.0,0.0,8.523908523908524,91.47609147609148,28.636363636363637,71.36363636363636,2.4390243902439024,97.5609756097561,17804,4984.479999999997,12819.520000000004,141.3015873015873,39.55936507936505,101.74222222222225,4586.479999999997,398
